kind,decay,risk,dose,outcome,paired_n,mean_delta_vs_dose0,delta_ci_low,delta_ci_high,permutation_p_value,q_value,cohens_d
fake_rejections,0.6,max-position,0.1,memory_driven_leverage_amplification,10,0.0,0.0,0.0,1.0,1.0,0.0
fake_rejections,0.6,max-position,0.1,max_memory_driven_leverage_amplification,10,0.0,0.0,0.0,1.0,1.0,0.0
fake_rejections,0.6,max-position,0.1,memory_pollution_ratio,10,0.0,0.0,0.0,1.0,1.0,0.0
fake_rejections,0.6,max-position,0.1,total_return,10,0.0,0.0,0.0,1.0,1.0,0.0
fake_rejections,0.6,max-position,0.1,max_drawdown,10,0.0,0.0,0.0,1.0,1.0,0.0
fake_rejections,0.6,max-position,0.25,memory_driven_leverage_amplification,10,-0.059905843742771234,-0.06488007749248208,-0.05467839463335648,0.001953125,0.002999680034129693,-7.150359899913548
fake_rejections,0.6,max-position,0.25,max_memory_driven_leverage_amplification,10,-0.08843164469118672,-0.09686328938237336,-0.08000000000000007,0.001953125,0.002999680034129693,-6.513707720518264
fake_rejections,0.6,max-position,0.25,memory_pollution_ratio,10,0.1932053323584812,0.183325546474662,0.20358955032394635,0.001953125,0.002999680034129693,11.047352951803415
fake_rejections,0.6,max-position,0.25,total_return,10,-0.009582275405862895,-0.011716698941709191,-0.007248462030859848,0.001953125,0.002999680034129693,-2.4907564510029574
fake_rejections,0.6,max-position,0.25,max_drawdown,10,0.001069328124995672,-1.913777264328509e-06,0.002032431692827319,0.083984375,0.11214530786350148,0.6280021603513223
fake_rejections,0.6,max-position,0.5,memory_driven_leverage_amplification,10,-0.14135657240342353,-0.15317838017580385,-0.12956747918112424,0.001953125,0.002999680034129693,-7.0698935512476755
fake_rejections,0.6,max-position,0.5,max_memory_driven_leverage_amplification,10,-0.10248438584316452,-0.12496877168632899,-0.08000000000000007,0.001953125,0.002999680034129693,-2.830802272324416
fake_rejections,0.6,max-position,0.5,memory_pollution_ratio,10,0.39404271094280874,0.3826806559716183,0.40535196000676466,0.001953125,0.002999680034129693,20.249517523236648
fake_rejections,0.6,max-position,0.5,total_return,10,-0.02597641557065964,-0.032633076073228094,-0.01977983612726424,0.001953125,0.002999680034129693,-2.452373472760061
fake_rejections,0.6,max-position,0.5,max_drawdown,10,0.004422234735761576,0.0013112349185751104,0.007250396023115701,0.02734375,0.037514291158536585,0.8890272863042659
fake_rejections,0.6,max-position,0.75,memory_driven_leverage_amplification,10,-0.2977398710386306,-0.308702648623641,-0.28578976405274115,0.001953125,0.002999680034129693,-15.524584899332142
fake_rejections,0.6,max-position,0.75,max_memory_driven_leverage_amplification,10,-0.24021165857043725,-0.4004233171408744,-0.08000000000000007,0.001953125,0.002999680034129693,-0.931178258872949
fake_rejections,0.6,max-position,0.75,memory_pollution_ratio,10,0.7844074877522139,0.7744026364015418,0.7927100775251114,0.001953125,0.002999680034129693,51.7239393431348
fake_rejections,0.6,max-position,0.75,total_return,10,-0.09634454495213722,-0.11244408635038379,-0.08068759873907058,0.001953125,0.002999680034129693,-3.657876204990083
fake_rejections,0.6,max-position,0.75,max_drawdown,10,0.008135572121551849,0.005700146725953736,0.010336406945025255,0.001953125,0.002999680034129693,2.0327891212285767
fake_rejections,0.6,none,0.1,memory_driven_leverage_amplification,10,0.0,0.0,0.0,1.0,1.0,0.0
fake_rejections,0.6,none,0.1,max_memory_driven_leverage_amplification,10,0.0,0.0,0.0,1.0,1.0,0.0
fake_rejections,0.6,none,0.1,memory_pollution_ratio,10,0.0,0.0,0.0,1.0,1.0,0.0
fake_rejections,0.6,none,0.1,total_return,10,0.0,0.0,0.0,1.0,1.0,0.0
fake_rejections,0.6,none,0.1,max_drawdown,10,0.0,0.0,0.0,1.0,1.0,0.0
fake_rejections,0.6,none,0.25,memory_driven_leverage_amplification,10,-0.0600433524173028,-0.06514425167707613,-0.055177515614156826,0.001953125,0.002999680034129693,-7.1053618454267
fake_rejections,0.6,none,0.25,max_memory_driven_leverage_amplification,10,-0.08843164469118672,-0.09686328938237336,-0.08000000000000007,0.001953125,0.002999680034129693,-6.513707720518264
fake_rejections,0.6,none,0.25,memory_pollution_ratio,10,0.1932053323584812,0.183325546474662,0.20358955032394635,0.001953125,0.002999680034129693,11.047352951803415
fake_rejections,0.6,none,0.25,total_return,10,-0.012946510736093209,-0.021428316362008638,-0.005765969026960849,0.005859375,0.008424021565495208,-0.983459177107737
fake_rejections,0.6,none,0.25,max_drawdown,10,0.003287996750733735,0.0004965377875418064,0.005773294922243632,0.052734375,0.07083722014925373,0.7186305982697876
fake_rejections,0.6,none,0.5,memory_driven_leverage_amplification,10,-0.14193434247050657,-0.15371412213740454,-0.13077194367337497,0.001953125,0.002999680034129693,-7.243767886231412
fake_rejections,0.6,none,0.5,max_memory_driven_leverage_amplification,10,-0.10248438584316452,-0.12496877168632899,-0.08000000000000007,0.001953125,0.002999680034129693,-2.830802272324416
fake_rejections,0.6,none,0.5,memory_pollution_ratio,10,0.39438969220582054,0.38325387328769117,0.40548136317330535,0.001953125,0.002999680034129693,20.74841267911936
fake_rejections,0.6,none,0.5,total_return,10,-0.07706788941908571,-0.09449332648680661,-0.06064572992642756,0.001953125,0.002999680034129693,-2.6540290499501173
fake_rejections,0.6,none,0.5,max_drawdown,10,0.0063756316292788665,0.00010544862943835387,0.01197577828122991,0.068359375,0.091552734375,0.6475576281912393
fake_rejections,0.6,none,0.75,memory_driven_leverage_amplification,10,-0.2989523710386306,-0.30952350798056905,-0.2892946044413601,0.001953125,0.002999680034129693,-17.194692619929214
fake_rejections,0.6,none,0.75,max_memory_driven_leverage_amplification,10,-0.24021165857043725,-0.4004233171408744,-0.08000000000000007,0.001953125,0.002999680034129693,-0.931178258872949
fake_rejections,0.6,none,0.75,memory_pollution_ratio,10,0.7852408210855473,0.7769026364015418,0.7927240510187419,0.001953125,0.002999680034129693,59.47424192194077
fake_rejections,0.6,none,0.75,total_return,10,-0.18141460450693822,-0.19896420008608504,-0.1650494006624341,0.001953125,0.002999680034129693,-6.276969068775957
fake_rejections,0.6,none,0.75,max_drawdown,10,0.013803245916163531,0.009903406122030079,0.017393143932850873,0.001953125,0.002999680034129693,2.2047135770190405
fake_rejections,0.85,max-position,0.1,memory_driven_leverage_amplification,10,0.0,0.0,0.0,1.0,1.0,0.0
fake_rejections,0.85,max-position,0.1,max_memory_driven_leverage_amplification,10,0.0,0.0,0.0,1.0,1.0,0.0
fake_rejections,0.85,max-position,0.1,memory_pollution_ratio,10,0.0,0.0,0.0,1.0,1.0,0.0
fake_rejections,0.85,max-position,0.1,total_return,10,0.0,0.0,0.0,1.0,1.0,0.0
fake_rejections,0.85,max-position,0.1,max_drawdown,10,0.0,0.0,0.0,1.0,1.0,0.0
fake_rejections,0.85,max-position,0.25,memory_driven_leverage_amplification,10,-0.06052518352458203,-0.06366504518176348,-0.05708731117387762,0.001953125,0.002999680034129693,-11.17034396708514
fake_rejections,0.85,max-position,0.25,max_memory_driven_leverage_amplification,10,-0.10111316338069473,-0.1222263267613894,-0.08000000000000007,0.001953125,0.002999680034129693,-2.974316986438742
fake_rejections,0.85,max-position,0.25,memory_pollution_ratio,10,0.19545284867122553,0.19218994227024394,0.19875100474375051,0.001953125,0.002999680034129693,34.978264156655946
fake_rejections,0.85,max-position,0.25,total_return,10,-0.008267765677457507,-0.010613500339842675,-0.0062111536517070794,0.001953125,0.002999680034129693,-2.2111536568141594
fake_rejections,0.85,max-position,0.25,max_drawdown,10,0.0013781429005236489,0.0006542713528936539,0.0019823828403104592,0.0078125,0.01102076802507837,1.242745915099854
fake_rejections,0.85,max-position,0.5,memory_driven_leverage_amplification,10,-0.1070010463485237,-0.11167283503347765,-0.10206648715861592,0.001953125,0.002999680034129693,-13.495092676534655
fake_rejections,0.85,max-position,0.5,max_memory_driven_leverage_amplification,10,-0.1259521791226885,-0.17190435824537692,-0.08000000000000007,0.001953125,0.002999680034129693,-1.7022856442600258
fake_rejections,0.85,max-position,0.5,memory_pollution_ratio,10,0.3958354711136761,0.3918784607410443,0.39966618435405266,0.001953125,0.002999680034129693,59.848047553889074
fake_rejections,0.85,max-position,0.5,total_return,10,-0.01611981291372504,-0.019639788014338345,-0.012418433159878495,0.001953125,0.002999680034129693,-2.599055909074139
fake_rejections,0.85,max-position,0.5,max_drawdown,10,0.002807152520487577,0.0018797982528860001,0.0037640515552212596,0.001953125,0.002999680034129693,1.8007021836541162
fake_rejections,0.85,max-position,0.75,memory_driven_leverage_amplification,10,-0.2976092641293424,-0.3081543874494914,-0.28635442445143455,0.001953125,0.002999680034129693,-16.323112462086332
fake_rejections,0.85,max-position,0.75,max_memory_driven_leverage_amplification,10,-0.25620997723216626,-0.43241995446433246,-0.08000000000000007,0.001953125,0.002999680034129693,-0.9030221535831355
fake_rejections,0.85,max-position,0.75,memory_pollution_ratio,10,0.7854026088639575,0.7808346527629055,0.7887362018158811,0.001953125,0.002999680034129693,118.1426679886261
fake_rejections,0.85,max-position,0.75,total_return,10,-0.09409536095502531,-0.10977813895764348,-0.07892764257689153,0.001953125,0.002999680034129693,-3.702470516262766
fake_rejections,0.85,max-position,0.75,max_drawdown,10,0.009172911335193623,0.007221797475721192,0.010990599915124155,0.001953125,0.002999680034129693,2.8507879699571648
fake_rejections,0.85,none,0.1,memory_driven_leverage_amplification,10,0.0,0.0,0.0,1.0,1.0,0.0
fake_rejections,0.85,none,0.1,max_memory_driven_leverage_amplification,10,0.0,0.0,0.0,1.0,1.0,0.0
fake_rejections,0.85,none,0.1,memory_pollution_ratio,10,0.0,0.0,0.0,1.0,1.0,0.0
fake_rejections,0.85,none,0.1,total_return,10,0.0,0.0,0.0,1.0,1.0,0.0
fake_rejections,0.85,none,0.1,max_drawdown,10,0.0,0.0,0.0,1.0,1.0,0.0
fake_rejections,0.85,none,0.25,memory_driven_leverage_amplification,10,-0.06108342858902348,-0.06422632036443139,-0.05810983582849807,0.001953125,0.002999680034129693,-11.817310480060348
fake_rejections,0.85,none,0.25,max_memory_driven_leverage_amplification,10,-0.10111316338069473,-0.1222263267613894,-0.08000000000000007,0.001953125,0.002999680034129693,-2.974316986438742
fake_rejections,0.85,none,0.25,memory_pollution_ratio,10,0.19545284867122553,0.19218994227024394,0.19875100474375051,0.001953125,0.002999680034129693,34.978264156655946
fake_rejections,0.85,none,0.25,total_return,10,-0.015322572665613588,-0.023821471938113126,-0.0067740588310150505,0.01171875,0.016276041666666668,-1.0683849609973641
fake_rejections,0.85,none,0.25,max_drawdown,10,0.00266576736861186,0.0006909382295534283,0.004752435921613984,0.037109375,0.05045081193353474,0.7715619066005612
fake_rejections,0.85,none,0.5,memory_driven_leverage_amplification,10,-0.10748332346404192,-0.11218531297415431,-0.10326098460207973,0.001953125,0.002999680034129693,-14.220631859735551
fake_rejections,0.85,none,0.5,max_memory_driven_leverage_amplification,10,-0.1259521791226885,-0.17190435824537692,-0.08000000000000007,0.001953125,0.002999680034129693,-1.7022856442600258
fake_rejections,0.85,none,0.5,memory_pollution_ratio,10,0.39618881351369684,0.39262822299958455,0.39977813241017873,0.001953125,0.002999680034129693,64.61588243831598
fake_rejections,0.85,none,0.5,total_return,10,-0.036550002511719026,-0.047448145979446466,-0.02389543761762116,0.001953125,0.002999680034129693,-1.7938488059131659
fake_rejections,0.85,none,0.5,max_drawdown,10,0.004772926178848447,0.0008350621671719738,0.007884384834020586,0.041015625,0.05559346762048193,0.784763635234645
fake_rejections,0.85,none,0.75,memory_driven_leverage_amplification,10,-0.2988217641293424,-0.30901713181890444,-0.2893613531082896,0.001953125,0.002999680034129693,-17.7846892545776
fake_rejections,0.85,none,0.75,max_memory_driven_leverage_amplification,10,-0.25620997723216626,-0.43241995446433246,-0.08000000000000007,0.001953125,0.002999680034129693,-0.9030221535831355
fake_rejections,0.85,none,0.75,memory_pollution_ratio,10,0.7862359421972908,0.7833363189388847,0.7887362018158811,0.001953125,0.002999680034129693,174.3984175540851
fake_rejections,0.85,none,0.75,total_return,10,-0.1794763550740585,-0.1964495872023583,-0.16320851331194852,0.001953125,0.002999680034129693,-6.352500274616044
fake_rejections,0.85,none,0.75,max_drawdown,10,0.014504855460531286,0.010773484021434587,0.018426547266104022,0.001953125,0.002999680034129693,2.2484036872290543
fake_rejections,1.0,max-position,0.1,memory_driven_leverage_amplification,10,0.0,0.0,0.0,1.0,1.0,0.0
fake_rejections,1.0,max-position,0.1,max_memory_driven_leverage_amplification,10,0.0,0.0,0.0,1.0,1.0,0.0
fake_rejections,1.0,max-position,0.1,memory_pollution_ratio,10,0.0,0.0,0.0,1.0,1.0,0.0
fake_rejections,1.0,max-position,0.1,total_return,10,0.0,0.0,0.0,1.0,1.0,0.0
fake_rejections,1.0,max-position,0.1,max_drawdown,10,0.0,0.0,0.0,1.0,1.0,0.0
fake_rejections,1.0,max-position,0.25,memory_driven_leverage_amplification,10,-0.0608625,-0.06324166666666667,-0.05820833333333332,0.001953125,0.002999680034129693,-14.389903121388947
fake_rejections,1.0,max-position,0.25,max_memory_driven_leverage_amplification,10,-0.11000000000000003,-0.13999999999999999,-0.08000000000000007,0.001953125,0.002999680034129693,-2.2772163458297725
fake_rejections,1.0,max-position,0.25,memory_pollution_ratio,10,0.1965277777777778,0.1965277777777778,0.1965277777777778,0.001953125,0.002999680034129693,
fake_rejections,1.0,max-position,0.25,total_return,10,-0.008244270555868427,-0.01094315330143374,-0.005609371819215436,0.001953125,0.002999680034129693,-1.825011991945418
fake_rejections,1.0,max-position,0.25,max_drawdown,10,0.0015426830785247093,0.0008917683072014349,0.002099166615698289,0.0078125,0.01102076802507837,1.5214750729797994
fake_rejections,1.0,max-position,0.5,memory_driven_leverage_amplification,10,-0.10731666666666664,-0.11111666666666664,-0.10323333333333329,0.001953125,0.002999680034129693,-16.344008355058953
fake_rejections,1.0,max-position,0.5,max_memory_driven_leverage_amplification,10,-0.14000000000000004,-0.19999999999999998,-0.08000000000000007,0.001953125,0.002999680034129693,-1.4491376746189453
fake_rejections,1.0,max-position,0.5,memory_pollution_ratio,10,0.39688888888888896,0.39622222222222225,0.39722222222222225,0.001953125,0.002999680034129693,376.5218600707064
fake_rejections,1.0,max-position,0.5,total_return,10,-0.016953946506028418,-0.021059475547102614,-0.01287973235948614,0.001953125,0.002999680034129693,-2.427494769887646
fake_rejections,1.0,max-position,0.5,max_drawdown,10,0.002697674829464691,0.0019243339198732,0.0035654218619355802,0.001953125,0.002999680034129693,1.9436491002653893
fake_rejections,1.0,max-position,0.75,memory_driven_leverage_amplification,10,-0.29749166666666665,-0.3077583333333333,-0.2866666666666667,0.001953125,0.002999680034129693,-16.818739481186086
fake_rejections,1.0,max-position,0.75,max_memory_driven_leverage_amplification,10,-0.263,-0.446,-0.08000000000000007,0.001953125,0.002999680034129693,-0.8925602070837995
fake_rejections,1.0,max-position,0.75,memory_pollution_ratio,10,0.7859722222222223,0.7843055555555557,0.7868055555555556,0.001953125,0.002999680034129693,298.25548798154875
fake_rejections,1.0,max-position,0.75,total_return,10,-0.0930826027248209,-0.10843573214246485,-0.07759077548687299,0.001953125,0.002999680034129693,-3.6338023008595584
fake_rejections,1.0,max-position,0.75,max_drawdown,10,0.009730903366320764,0.007590331740497713,0.011766195769605725,0.001953125,0.002999680034129693,2.7358360017742025
fake_rejections,1.0,none,0.1,memory_driven_leverage_amplification,10,0.0,0.0,0.0,1.0,1.0,0.0
fake_rejections,1.0,none,0.1,max_memory_driven_leverage_amplification,10,0.0,0.0,0.0,1.0,1.0,0.0
fake_rejections,1.0,none,0.1,memory_pollution_ratio,10,0.0,0.0,0.0,1.0,1.0,0.0
fake_rejections,1.0,none,0.1,total_return,10,0.0,0.0,0.0,1.0,1.0,0.0
fake_rejections,1.0,none,0.1,max_drawdown,10,0.0,0.0,0.0,1.0,1.0,0.0
fake_rejections,1.0,none,0.25,memory_driven_leverage_amplification,10,-0.06154166666666665,-0.06406666666666663,-0.05933333333333333,0.001953125,0.002999680034129693,-15.470751971709676
fake_rejections,1.0,none,0.25,max_memory_driven_leverage_amplification,10,-0.11000000000000003,-0.13999999999999999,-0.08000000000000007,0.001953125,0.002999680034129693,-2.2772163458297725
fake_rejections,1.0,none,0.25,memory_pollution_ratio,10,0.1965277777777778,0.1965277777777778,0.1965277777777778,0.001953125,0.002999680034129693,
fake_rejections,1.0,none,0.25,total_return,10,-0.01615805532643355,-0.025779933880623516,-0.0063716611435949535,0.01953125,0.027043269230769232,-0.9884546260322569
fake_rejections,1.0,none,0.25,max_drawdown,10,0.0025172707794635318,0.0006680341211219298,0.004597532885158939,0.037109375,0.05045081193353474,0.7613855303810649
fake_rejections,1.0,none,0.5,memory_driven_leverage_amplification,10,-0.1077833333333333,-0.11172083333333334,-0.10414583333333334,0.001953125,0.002999680034129693,-16.592372453331997
fake_rejections,1.0,none,0.5,max_memory_driven_leverage_amplification,10,-0.14000000000000004,-0.19999999999999998,-0.08000000000000007,0.001953125,0.002999680034129693,-1.4491376746189453
fake_rejections,1.0,none,0.5,memory_pollution_ratio,10,0.39722222222222225,0.39722222222222225,0.39722222222222225,0.001953125,0.002999680034129693,
fake_rejections,1.0,none,0.5,total_return,10,-0.0362083454218215,-0.04830556061217388,-0.0230032620959155,0.001953125,0.002999680034129693,-1.6317547378767914
fake_rejections,1.0,none,0.5,max_drawdown,10,0.004257252171688153,0.0005460554692515496,0.00727034414592842,0.046875,0.06315494011976049,0.7516813509354942
fake_rejections,1.0,none,0.75,memory_driven_leverage_amplification,10,-0.29870416666666666,-0.30869583333333334,-0.28936666666666666,0.001953125,0.002999680034129693,-18.19233339017336
fake_rejections,1.0,none,0.75,max_memory_driven_leverage_amplification,10,-0.263,-0.446,-0.08000000000000007,0.001953125,0.002999680034129693,-0.8925602070837995
fake_rejections,1.0,none,0.75,memory_pollution_ratio,10,0.7868055555555556,0.7868055555555556,0.7868055555555556,0.001953125,0.002999680034129693,
fake_rejections,1.0,none,0.75,total_return,10,-0.1784822103629686,-0.1956806870435313,-0.16148327558845876,0.001953125,0.002999680034129693,-6.1417918658871296
fake_rejections,1.0,none,0.75,max_drawdown,10,0.01504960988657581,0.011089128520952585,0.01946999962114627,0.001953125,0.002999680034129693,2.1458525949414735
fake_violations,0.6,max-position,0.1,memory_driven_leverage_amplification,10,0.0,0.0,0.0,1.0,1.0,0.0
fake_violations,0.6,max-position,0.1,max_memory_driven_leverage_amplification,10,0.0,0.0,0.0,1.0,1.0,0.0
fake_violations,0.6,max-position,0.1,memory_pollution_ratio,10,0.0,0.0,0.0,1.0,1.0,0.0
fake_violations,0.6,max-position,0.1,total_return,10,0.0,0.0,0.0,1.0,1.0,0.0
fake_violations,0.6,max-position,0.1,max_drawdown,10,0.0,0.0,0.0,1.0,1.0,0.0
fake_violations,0.6,max-position,0.25,memory_driven_leverage_amplification,10,-0.20605245055517002,-0.2151225899259773,-0.1963348716169327,0.001953125,0.002999680034129693,-13.130759079526703
fake_violations,0.6,max-position,0.25,max_memory_driven_leverage_amplification,10,-0.1904805690492714,-0.30096113809854275,-0.08000000000000007,0.001953125,0.002999680034129693,-1.0707735613634777
fake_violations,0.6,max-position,0.25,memory_pollution_ratio,10,0.1932053323584812,0.183325546474662,0.20358955032394635,0.001953125,0.002999680034129693,11.047352951803415
fake_violations,0.6,max-position,0.25,total_return,10,-0.039965185907022985,-0.05005874526603955,-0.02969001039836581,0.001953125,0.002999680034129693,-2.3502454968826
fake_violations,0.6,max-position,0.25,max_drawdown,10,0.0057059289432878305,0.0040615910649614674,0.007143560307667085,0.001953125,0.002999680034129693,2.175827387995892
fake_violations,0.6,max-position,0.5,memory_driven_leverage_amplification,10,-0.23627028972935463,-0.24649986409900534,-0.22563422391857507,0.001953125,0.002999680034129693,-13.69095999295491
fake_violations,0.6,max-position,0.5,max_memory_driven_leverage_amplification,10,-0.19961485079805694,-0.3192297015961138,-0.08000000000000007,0.001953125,0.002999680034129693,-1.0364315089219298
fake_violations,0.6,max-position,0.5,memory_pollution_ratio,10,0.39404271094280874,0.3826806559716183,0.40535196000676466,0.001953125,0.002999680034129693,20.249517523236648
fake_violations,0.6,max-position,0.5,total_return,10,-0.050567542870292616,-0.06119332759291272,-0.03911160112865275,0.001953125,0.002999680034129693,-2.7506971770732673
fake_violations,0.6,max-position,0.5,max_drawdown,10,0.00738859425083942,0.0051462878352551145,0.009342210627999715,0.001953125,0.002999680034129693,2.0777353943961367
fake_violations,0.6,max-position,0.75,memory_driven_leverage_amplification,10,-0.2977398710386306,-0.308702648623641,-0.28578976405274115,0.001953125,0.002999680034129693,-15.524584899332142
fake_violations,0.6,max-position,0.75,max_memory_driven_leverage_amplification,10,-0.24021165857043725,-0.4004233171408744,-0.08000000000000007,0.001953125,0.002999680034129693,-0.931178258872949
fake_violations,0.6,max-position,0.75,memory_pollution_ratio,10,0.7844074877522139,0.7744026364015418,0.7927100775251114,0.001953125,0.002999680034129693,51.7239393431348
fake_violations,0.6,max-position,0.75,total_return,10,-0.09634454495213722,-0.11244408635038379,-0.08068759873907058,0.001953125,0.002999680034129693,-3.657876204990083
fake_violations,0.6,max-position,0.75,max_drawdown,10,0.008135572121551849,0.005700146725953736,0.010336406945025255,0.001953125,0.002999680034129693,2.0327891212285767
fake_violations,0.6,none,0.1,memory_driven_leverage_amplification,10,0.0,0.0,0.0,1.0,1.0,0.0
fake_violations,0.6,none,0.1,max_memory_driven_leverage_amplification,10,0.0,0.0,0.0,1.0,1.0,0.0
fake_violations,0.6,none,0.1,memory_pollution_ratio,10,0.0,0.0,0.0,1.0,1.0,0.0
fake_violations,0.6,none,0.1,total_return,10,0.0,0.0,0.0,1.0,1.0,0.0
fake_violations,0.6,none,0.1,max_drawdown,10,0.0,0.0,0.0,1.0,1.0,0.0
fake_violations,0.6,none,0.25,memory_driven_leverage_amplification,10,-0.20699411722183667,-0.2155264385264862,-0.1988521845362017,0.001953125,0.002999680034129693,-14.474025162963626
fake_violations,0.6,none,0.25,max_memory_driven_leverage_amplification,10,-0.1904805690492714,-0.30096113809854275,-0.08000000000000007,0.001953125,0.002999680034129693,-1.0707735613634777
fake_violations,0.6,none,0.25,memory_pollution_ratio,10,0.1932053323584812,0.183325546474662,0.20358955032394635,0.001953125,0.002999680034129693,11.047352951803415
fake_violations,0.6,none,0.25,total_return,10,-0.10475320944648328,-0.12037501492317489,-0.08794643732348358,0.001953125,0.002999680034129693,-3.736067381558989
fake_violations,0.6,none,0.25,max_drawdown,10,0.00949947750684843,0.005407325460644208,0.013615361208497156,0.00390625,0.005839908637873754,1.3710080693155267
fake_violations,0.6,none,0.5,memory_driven_leverage_amplification,10,-0.23732472530650012,-0.24698934767522554,-0.2284428232708767,0.001953125,0.002999680034129693,-15.04474329792371
fake_violations,0.6,none,0.5,max_memory_driven_leverage_amplification,10,-0.19961485079805694,-0.3192297015961138,-0.08000000000000007,0.001953125,0.002999680034129693,-1.0364315089219298
fake_violations,0.6,none,0.5,memory_pollution_ratio,10,0.39438969220582054,0.38325387328769117,0.40548136317330535,0.001953125,0.002999680034129693,20.74841267911936
fake_violations,0.6,none,0.5,total_return,10,-0.1260618295877165,-0.1425768490819059,-0.10877423852131873,0.001953125,0.002999680034129693,-4.378639452685371
fake_violations,0.6,none,0.5,max_drawdown,10,0.01256692317667033,0.008356704996680142,0.017179416783660507,0.001953125,0.002999680034129693,1.6820865081723717
fake_violations,0.6,none,0.75,memory_driven_leverage_amplification,10,-0.2989523710386306,-0.30952350798056905,-0.2892946044413601,0.001953125,0.002999680034129693,-17.194692619929214
fake_violations,0.6,none,0.75,max_memory_driven_leverage_amplification,10,-0.24021165857043725,-0.4004233171408744,-0.08000000000000007,0.001953125,0.002999680034129693,-0.931178258872949
fake_violations,0.6,none,0.75,memory_pollution_ratio,10,0.7852408210855473,0.7769026364015418,0.7927240510187419,0.001953125,0.002999680034129693,59.47424192194077
fake_violations,0.6,none,0.75,total_return,10,-0.18141460450693822,-0.19896420008608504,-0.1650494006624341,0.001953125,0.002999680034129693,-6.276969068775957
fake_violations,0.6,none,0.75,max_drawdown,10,0.013803245916163531,0.009903406122030079,0.017393143932850873,0.001953125,0.002999680034129693,2.2047135770190405
fake_violations,0.85,max-position,0.1,memory_driven_leverage_amplification,10,0.0,0.0,0.0,1.0,1.0,0.0
fake_violations,0.85,max-position,0.1,max_memory_driven_leverage_amplification,10,0.0,0.0,0.0,1.0,1.0,0.0
fake_violations,0.85,max-position,0.1,memory_pollution_ratio,10,0.0,0.0,0.0,1.0,1.0,0.0
fake_violations,0.85,max-position,0.1,total_return,10,0.0,0.0,0.0,1.0,1.0,0.0
fake_violations,0.85,max-position,0.1,max_drawdown,10,0.0,0.0,0.0,1.0,1.0,0.0
fake_violations,0.85,max-position,0.25,memory_driven_leverage_amplification,10,-0.20646328489831997,-0.21435543990005299,-0.19766883929057946,0.001953125,0.002999680034129693,-14.836026927352341
fake_violations,0.85,max-position,0.25,max_memory_driven_leverage_amplification,10,-0.19872355619745163,-0.3174471123949032,-0.08000000000000007,0.001953125,0.002999680034129693,-1.0395498392959683
fake_violations,0.85,max-position,0.25,memory_pollution_ratio,10,0.19545284867122553,0.19218994227024394,0.19875100474375051,0.001953125,0.002999680034129693,34.978264156655946
fake_violations,0.85,max-position,0.25,total_return,10,-0.03794559988320192,-0.04690358007785338,-0.028174921100007966,0.001953125,0.002999680034129693,-2.3687975586479135
fake_violations,0.85,max-position,0.25,max_drawdown,10,0.00626004467683342,0.004959847593664668,0.007412166933855513,0.001953125,0.002999680034129693,3.0149468279600113
fake_violations,0.85,max-position,0.5,memory_driven_leverage_amplification,10,-0.23672571527259328,-0.24573760465451372,-0.22711130523292228,0.001953125,0.002999680034129693,-15.322980046562137
fake_violations,0.85,max-position,0.5,max_memory_driven_leverage_amplification,10,-0.21486891642974756,-0.34973783285949506,-0.08000000000000007,0.001953125,0.002999680034129693,-0.989451673772087
fake_violations,0.85,max-position,0.5,memory_pollution_ratio,10,0.3958354711136761,0.3918784607410443,0.39966618435405266,0.001953125,0.002999680034129693,59.848047553889074
fake_violations,0.85,max-position,0.5,total_return,10,-0.04959205043820001,-0.06069828032154325,-0.037477310676758725,0.001953125,0.002999680034129693,-2.539820197543164
fake_violations,0.85,max-position,0.5,max_drawdown,10,0.007080078121065314,0.005297576472493426,0.008798065934884724,0.001953125,0.002999680034129693,2.3479241939980566
fake_violations,0.85,max-position,0.75,memory_driven_leverage_amplification,10,-0.2976092641293424,-0.3081543874494914,-0.28635442445143455,0.001953125,0.002999680034129693,-16.323112462086332
fake_violations,0.85,max-position,0.75,max_memory_driven_leverage_amplification,10,-0.25620997723216626,-0.43241995446433246,-0.08000000000000007,0.001953125,0.002999680034129693,-0.9030221535831355
fake_violations,0.85,max-position,0.75,memory_pollution_ratio,10,0.7854026088639575,0.7808346527629055,0.7887362018158811,0.001953125,0.002999680034129693,118.1426679886261
fake_violations,0.85,max-position,0.75,total_return,10,-0.09409536095502531,-0.10977813895764348,-0.07892764257689153,0.001953125,0.002999680034129693,-3.702470516262766
fake_violations,0.85,max-position,0.75,max_drawdown,10,0.009172911335193623,0.007221797475721192,0.010990599915124155,0.001953125,0.002999680034129693,2.8507879699571648
fake_violations,0.85,none,0.1,memory_driven_leverage_amplification,10,0.0,0.0,0.0,1.0,1.0,0.0
fake_violations,0.85,none,0.1,max_memory_driven_leverage_amplification,10,0.0,0.0,0.0,1.0,1.0,0.0
fake_violations,0.85,none,0.1,memory_pollution_ratio,10,0.0,0.0,0.0,1.0,1.0,0.0
fake_violations,0.85,none,0.1,total_return,10,0.0,0.0,0.0,1.0,1.0,0.0
fake_violations,0.85,none,0.1,max_drawdown,10,0.0,0.0,0.0,1.0,1.0,0.0
fake_violations,0.85,none,0.25,memory_driven_leverage_amplification,10,-0.20740495156498664,-0.2150128695910946,-0.20022664816113087,0.001953125,0.002999680034129693,-16.334948156896306
fake_violations,0.85,none,0.25,max_memory_driven_leverage_amplification,10,-0.19872355619745163,-0.3174471123949032,-0.08000000000000007,0.001953125,0.002999680034129693,-1.0395498392959683
fake_violations,0.85,none,0.25,memory_pollution_ratio,10,0.19545284867122553,0.19218994227024394,0.19875100474375051,0.001953125,0.002999680034129693,34.978264156655946
fake_violations,0.85,none,0.25,total_return,10,-0.10311185242622159,-0.11737579538475373,-0.08688536819451129,0.001953125,0.002999680034129693,-3.9072439787409996
fake_violations,0.85,none,0.25,max_drawdown,10,0.009312804489899507,0.005835979204211417,0.012990946496841117,0.001953125,0.002999680034129693,1.556790179756819
fake_violations,0.85,none,0.5,memory_driven_leverage_amplification,10,-0.23778221821926665,-0.2463110352300349,-0.22975085170826165,0.001953125,0.002999680034129693,-16.79521221327947
fake_violations,0.85,none,0.5,max_memory_driven_leverage_amplification,10,-0.21486891642974756,-0.34973783285949506,-0.08000000000000007,0.001953125,0.002999680034129693,-0.989451673772087
fake_violations,0.85,none,0.5,memory_pollution_ratio,10,0.39618881351369684,0.39262822299958455,0.39977813241017873,0.001953125,0.002999680034129693,64.61588243831598
fake_violations,0.85,none,0.5,total_return,10,-0.12718855998342762,-0.1428328422975615,-0.11103018170945836,0.001953125,0.002999680034129693,-4.7020587720714175
fake_violations,0.85,none,0.5,max_drawdown,10,0.012335494862372887,0.008586324433405368,0.016544686034247837,0.001953125,0.002999680034129693,1.8418868633658965
fake_violations,0.85,none,0.75,memory_driven_leverage_amplification,10,-0.2988217641293424,-0.30901713181890444,-0.2893613531082896,0.001953125,0.002999680034129693,-17.7846892545776
fake_violations,0.85,none,0.75,max_memory_driven_leverage_amplification,10,-0.25620997723216626,-0.43241995446433246,-0.08000000000000007,0.001953125,0.002999680034129693,-0.9030221535831355
fake_violations,0.85,none,0.75,memory_pollution_ratio,10,0.7862359421972908,0.7833363189388847,0.7887362018158811,0.001953125,0.002999680034129693,174.3984175540851
fake_violations,0.85,none,0.75,total_return,10,-0.1794763550740585,-0.1964495872023583,-0.16320851331194852,0.001953125,0.002999680034129693,-6.352500274616044
fake_violations,0.85,none,0.75,max_drawdown,10,0.014504855460531286,0.010773484021434587,0.018426547266104022,0.001953125,0.002999680034129693,2.2484036872290543
fake_violations,1.0,max-position,0.1,memory_driven_leverage_amplification,10,0.0,0.0,0.0,1.0,1.0,0.0
fake_violations,1.0,max-position,0.1,max_memory_driven_leverage_amplification,10,0.0,0.0,0.0,1.0,1.0,0.0
fake_violations,1.0,max-position,0.1,memory_pollution_ratio,10,0.0,0.0,0.0,1.0,1.0,0.0
fake_violations,1.0,max-position,0.1,total_return,10,0.0,0.0,0.0,1.0,1.0,0.0
fake_violations,1.0,max-position,0.1,max_drawdown,10,0.0,0.0,0.0,1.0,1.0,0.0
fake_violations,1.0,max-position,0.25,memory_driven_leverage_amplification,10,-0.20668124999999998,-0.21402916666666663,-0.1984083333333333,0.001953125,0.002999680034129693,-15.771373958840975
fake_violations,1.0,max-position,0.25,max_memory_driven_leverage_amplification,10,-0.20450000000000004,-0.329,-0.08000000000000007,0.001953125,0.002999680034129693,-1.0201330618229747
fake_violations,1.0,max-position,0.25,memory_pollution_ratio,10,0.1965277777777778,0.1965277777777778,0.1965277777777778,0.001953125,0.002999680034129693,
fake_violations,1.0,max-position,0.25,total_return,10,-0.037801343207052196,-0.046987839757785047,-0.02759483904027784,0.001953125,0.002999680034129693,-2.306567262629807
fake_violations,1.0,max-position,0.25,max_drawdown,10,0.006295486077960944,0.004882134354533285,0.007703958079743722,0.001953125,0.002999680034129693,2.6230212421994863
fake_violations,1.0,max-position,0.5,memory_driven_leverage_amplification,10,-0.23693333333333336,-0.24533333333333335,-0.22776666666666667,0.001953125,0.002999680034129693,-16.169586155997308
fake_violations,1.0,max-position,0.5,max_memory_driven_leverage_amplification,10,-0.22400000000000006,-0.36800000000000005,-0.08000000000000007,0.001953125,0.002999680034129693,-0.9660917830792961
fake_violations,1.0,max-position,0.5,memory_pollution_ratio,10,0.39688888888888896,0.39622222222222225,0.39722222222222225,0.001953125,0.002999680034129693,376.5218600707064
fake_violations,1.0,max-position,0.5,total_return,10,-0.05040786605993586,-0.06212685846234693,-0.03807879407199673,0.001953125,0.002999680034129693,-2.495893830029996
fake_violations,1.0,max-position,0.5,max_drawdown,10,0.007172148859677441,0.005151905664437173,0.0090193420629329,0.001953125,0.002999680034129693,2.1640008204539067
fake_violations,1.0,max-position,0.75,memory_driven_leverage_amplification,10,-0.29749166666666665,-0.3077583333333333,-0.2866666666666667,0.001953125,0.002999680034129693,-16.818739481186086
fake_violations,1.0,max-position,0.75,max_memory_driven_leverage_amplification,10,-0.263,-0.446,-0.08000000000000007,0.001953125,0.002999680034129693,-0.8925602070837995
fake_violations,1.0,max-position,0.75,memory_pollution_ratio,10,0.7859722222222223,0.7843055555555557,0.7868055555555556,0.001953125,0.002999680034129693,298.25548798154875
fake_violations,1.0,max-position,0.75,total_return,10,-0.0930826027248209,-0.10843573214246485,-0.07759077548687299,0.001953125,0.002999680034129693,-3.6338023008595584
fake_violations,1.0,max-position,0.75,max_drawdown,10,0.009730903366320764,0.007590331740497713,0.011766195769605725,0.001953125,0.002999680034129693,2.7358360017742025
fake_violations,1.0,none,0.1,memory_driven_leverage_amplification,10,0.0,0.0,0.0,1.0,1.0,0.0
fake_violations,1.0,none,0.1,max_memory_driven_leverage_amplification,10,0.0,0.0,0.0,1.0,1.0,0.0
fake_violations,1.0,none,0.1,memory_pollution_ratio,10,0.0,0.0,0.0,1.0,1.0,0.0
fake_violations,1.0,none,0.1,total_return,10,0.0,0.0,0.0,1.0,1.0,0.0
fake_violations,1.0,none,0.1,max_drawdown,10,0.0,0.0,0.0,1.0,1.0,0.0
fake_violations,1.0,none,0.25,memory_driven_leverage_amplification,10,-0.20762291666666663,-0.21473749999999997,-0.20087083333333328,0.001953125,0.002999680034129693,-17.320176693989147
fake_violations,1.0,none,0.25,max_memory_driven_leverage_amplification,10,-0.20450000000000004,-0.329,-0.08000000000000007,0.001953125,0.002999680034129693,-1.0201330618229747
fake_violations,1.0,none,0.25,memory_pollution_ratio,10,0.1965277777777778,0.1965277777777778,0.1965277777777778,0.001953125,0.002999680034129693,
fake_violations,1.0,none,0.25,total_return,10,-0.10330721030839225,-0.11793664678774374,-0.08649684941296285,0.001953125,0.002999680034129693,-3.8123501258124586
fake_violations,1.0,none,0.25,max_drawdown,10,0.009309527169966136,0.006146452029615545,0.012501264048220818,0.001953125,0.002999680034129693,1.7572780285486074
fake_violations,1.0,none,0.5,memory_driven_leverage_amplification,10,-0.23798333333333335,-0.24606250000000002,-0.23036666666666666,0.001953125,0.002999680034129693,-17.6851250827727
fake_violations,1.0,none,0.5,max_memory_driven_leverage_amplification,10,-0.22400000000000006,-0.36800000000000005,-0.08000000000000007,0.001953125,0.002999680034129693,-0.9660917830792961
fake_violations,1.0,none,0.5,memory_pollution_ratio,10,0.39722222222222225,0.39722222222222225,0.39722222222222225,0.001953125,0.002999680034129693,
fake_violations,1.0,none,0.5,total_return,10,-0.1288257587790595,-0.14437382791431252,-0.11236525525704347,0.001953125,0.002999680034129693,-4.715977141610098
fake_violations,1.0,none,0.5,max_drawdown,10,0.011735128567903342,0.007927041600880157,0.015983969094318394,0.001953125,0.002999680034129693,1.7633209400928527
fake_violations,1.0,none,0.75,memory_driven_leverage_amplification,10,-0.29870416666666666,-0.30869583333333334,-0.28936666666666666,0.001953125,0.002999680034129693,-18.19233339017336
fake_violations,1.0,none,0.75,max_memory_driven_leverage_amplification,10,-0.263,-0.446,-0.08000000000000007,0.001953125,0.002999680034129693,-0.8925602070837995
fake_violations,1.0,none,0.75,memory_pollution_ratio,10,0.7868055555555556,0.7868055555555556,0.7868055555555556,0.001953125,0.002999680034129693,
fake_violations,1.0,none,0.75,total_return,10,-0.1784822103629686,-0.1956806870435313,-0.16148327558845876,0.001953125,0.002999680034129693,-6.1417918658871296
fake_violations,1.0,none,0.75,max_drawdown,10,0.01504960988657581,0.011089128520952585,0.01946999962114627,0.001953125,0.002999680034129693,2.1458525949414735
loss_streak,0.6,max-position,1.0,memory_driven_leverage_amplification,10,-0.17632083333333332,-0.18292916666666664,-0.168725,0.001953125,0.002999680034129693,-14.904581369027348
loss_streak,0.6,max-position,1.0,max_memory_driven_leverage_amplification,10,-0.18500000000000003,-0.29,-0.08000000000000007,0.001953125,0.002999680034129693,-1.0942468155285907
loss_streak,0.6,max-position,1.0,memory_pollution_ratio,10,0.0,0.0,0.0,1.0,1.0,0.0
loss_streak,0.6,max-position,1.0,total_return,10,-0.03164054044590501,-0.03870078581622747,-0.023730668646500686,0.001953125,0.002999680034129693,-2.514897976030726
loss_streak,0.6,max-position,1.0,max_drawdown,10,0.0042052217195242105,0.0031085260082586606,0.005436883645805313,0.001953125,0.002999680034129693,2.173690541848375
loss_streak,0.6,max-position,3.0,memory_driven_leverage_amplification,10,-0.17632083333333332,-0.18292916666666664,-0.168725,0.001953125,0.002999680034129693,-14.904581369027348
loss_streak,0.6,max-position,3.0,max_memory_driven_leverage_amplification,10,-0.18500000000000003,-0.29,-0.08000000000000007,0.001953125,0.002999680034129693,-1.0942468155285907
loss_streak,0.6,max-position,3.0,memory_pollution_ratio,10,0.0,0.0,0.0,1.0,1.0,0.0
loss_streak,0.6,max-position,3.0,total_return,10,-0.03164054044590501,-0.03870078581622747,-0.023730668646500686,0.001953125,0.002999680034129693,-2.514897976030726
loss_streak,0.6,max-position,3.0,max_drawdown,10,0.0042052217195242105,0.0031085260082586606,0.005436883645805313,0.001953125,0.002999680034129693,2.173690541848375
loss_streak,0.6,max-position,5.0,memory_driven_leverage_amplification,10,-0.17632083333333332,-0.18292916666666664,-0.168725,0.001953125,0.002999680034129693,-14.904581369027348
loss_streak,0.6,max-position,5.0,max_memory_driven_leverage_amplification,10,-0.18500000000000003,-0.29,-0.08000000000000007,0.001953125,0.002999680034129693,-1.0942468155285907
loss_streak,0.6,max-position,5.0,memory_pollution_ratio,10,0.0,0.0,0.0,1.0,1.0,0.0
loss_streak,0.6,max-position,5.0,total_return,10,-0.03164054044590501,-0.03870078581622747,-0.023730668646500686,0.001953125,0.002999680034129693,-2.514897976030726
loss_streak,0.6,max-position,5.0,max_drawdown,10,0.0042052217195242105,0.0031085260082586606,0.005436883645805313,0.001953125,0.002999680034129693,2.173690541848375
loss_streak,0.6,none,1.0,memory_driven_leverage_amplification,10,-0.1772625,-0.18353333333333333,-0.171275,0.001953125,0.002999680034129693,-16.833437712227003
loss_streak,0.6,none,1.0,max_memory_driven_leverage_amplification,10,-0.18500000000000003,-0.29,-0.08000000000000007,0.001953125,0.002999680034129693,-1.0942468155285907
loss_streak,0.6,none,1.0,memory_pollution_ratio,10,0.0,0.0,0.0,1.0,1.0,0.0
loss_streak,0.6,none,1.0,total_return,10,-0.07868779621545692,-0.09452692305446049,-0.05991345506288355,0.001953125,0.002999680034129693,-2.6538507145246863
loss_streak,0.6,none,1.0,max_drawdown,10,0.008335096597384784,0.004641663891101422,0.011791393466125089,0.005859375,0.008424021565495208,1.37796921859402
loss_streak,0.6,none,3.0,memory_driven_leverage_amplification,10,-0.1772625,-0.18353333333333333,-0.171275,0.001953125,0.002999680034129693,-16.833437712227003
loss_streak,0.6,none,3.0,max_memory_driven_leverage_amplification,10,-0.18500000000000003,-0.29,-0.08000000000000007,0.001953125,0.002999680034129693,-1.0942468155285907
loss_streak,0.6,none,3.0,memory_pollution_ratio,10,0.0,0.0,0.0,1.0,1.0,0.0
loss_streak,0.6,none,3.0,total_return,10,-0.07868779621545692,-0.09452692305446049,-0.05991345506288355,0.001953125,0.002999680034129693,-2.6538507145246863
loss_streak,0.6,none,3.0,max_drawdown,10,0.008335096597384784,0.004641663891101422,0.011791393466125089,0.005859375,0.008424021565495208,1.37796921859402
loss_streak,0.6,none,5.0,memory_driven_leverage_amplification,10,-0.1772625,-0.18353333333333333,-0.171275,0.001953125,0.002999680034129693,-16.833437712227003
loss_streak,0.6,none,5.0,max_memory_driven_leverage_amplification,10,-0.18500000000000003,-0.29,-0.08000000000000007,0.001953125,0.002999680034129693,-1.0942468155285907
loss_streak,0.6,none,5.0,memory_pollution_ratio,10,0.0,0.0,0.0,1.0,1.0,0.0
loss_streak,0.6,none,5.0,total_return,10,-0.07868779621545692,-0.09452692305446049,-0.05991345506288355,0.001953125,0.002999680034129693,-2.6538507145246863
loss_streak,0.6,none,5.0,max_drawdown,10,0.008335096597384784,0.004641663891101422,0.011791393466125089,0.005859375,0.008424021565495208,1.37796921859402
loss_streak,0.85,max-position,1.0,memory_driven_leverage_amplification,10,-0.17632083333333332,-0.18292916666666664,-0.168725,0.001953125,0.002999680034129693,-14.904581369027348
loss_streak,0.85,max-position,1.0,max_memory_driven_leverage_amplification,10,-0.18500000000000003,-0.29,-0.08000000000000007,0.001953125,0.002999680034129693,-1.0942468155285907
loss_streak,0.85,max-position,1.0,memory_pollution_ratio,10,0.0,0.0,0.0,1.0,1.0,0.0
loss_streak,0.85,max-position,1.0,total_return,10,-0.0312931555464405,-0.03856603299845671,-0.02268851394810716,0.001953125,0.002999680034129693,-2.3441282446186293
loss_streak,0.85,max-position,1.0,max_drawdown,10,0.00449625082891294,0.0032532261141334116,0.0058757363113619895,0.001953125,0.002999680034129693,1.9488423317082018
loss_streak,0.85,max-position,3.0,memory_driven_leverage_amplification,10,-0.17632083333333332,-0.18292916666666664,-0.168725,0.001953125,0.002999680034129693,-14.904581369027348
loss_streak,0.85,max-position,3.0,max_memory_driven_leverage_amplification,10,-0.18500000000000003,-0.29,-0.08000000000000007,0.001953125,0.002999680034129693,-1.0942468155285907
loss_streak,0.85,max-position,3.0,memory_pollution_ratio,10,0.0,0.0,0.0,1.0,1.0,0.0
loss_streak,0.85,max-position,3.0,total_return,10,-0.0312931555464405,-0.03856603299845671,-0.02268851394810716,0.001953125,0.002999680034129693,-2.3441282446186293
loss_streak,0.85,max-position,3.0,max_drawdown,10,0.00449625082891294,0.0032532261141334116,0.0058757363113619895,0.001953125,0.002999680034129693,1.9488423317082018
loss_streak,0.85,max-position,5.0,memory_driven_leverage_amplification,10,-0.17632083333333332,-0.18292916666666664,-0.168725,0.001953125,0.002999680034129693,-14.904581369027348
loss_streak,0.85,max-position,5.0,max_memory_driven_leverage_amplification,10,-0.18500000000000003,-0.29,-0.08000000000000007,0.001953125,0.002999680034129693,-1.0942468155285907
loss_streak,0.85,max-position,5.0,memory_pollution_ratio,10,0.0,0.0,0.0,1.0,1.0,0.0
loss_streak,0.85,max-position,5.0,total_return,10,-0.0312931555464405,-0.03856603299845671,-0.02268851394810716,0.001953125,0.002999680034129693,-2.3441282446186293
loss_streak,0.85,max-position,5.0,max_drawdown,10,0.00449625082891294,0.0032532261141334116,0.0058757363113619895,0.001953125,0.002999680034129693,1.9488423317082018
loss_streak,0.85,none,1.0,memory_driven_leverage_amplification,10,-0.1772625,-0.18353333333333333,-0.171275,0.001953125,0.002999680034129693,-16.833437712227003
loss_streak,0.85,none,1.0,max_memory_driven_leverage_amplification,10,-0.18500000000000003,-0.29,-0.08000000000000007,0.001953125,0.002999680034129693,-1.0942468155285907
loss_streak,0.85,none,1.0,memory_pollution_ratio,10,0.0,0.0,0.0,1.0,1.0,0.0
loss_streak,0.85,none,1.0,total_return,10,-0.07868779621545692,-0.09452692305446049,-0.05991345506288355,0.001953125,0.002999680034129693,-2.6538507145246863
loss_streak,0.85,none,1.0,max_drawdown,10,0.008335096597384784,0.004641663891101422,0.011791393466125089,0.005859375,0.008424021565495208,1.37796921859402
loss_streak,0.85,none,3.0,memory_driven_leverage_amplification,10,-0.1772625,-0.18353333333333333,-0.171275,0.001953125,0.002999680034129693,-16.833437712227003
loss_streak,0.85,none,3.0,max_memory_driven_leverage_amplification,10,-0.18500000000000003,-0.29,-0.08000000000000007,0.001953125,0.002999680034129693,-1.0942468155285907
loss_streak,0.85,none,3.0,memory_pollution_ratio,10,0.0,0.0,0.0,1.0,1.0,0.0
loss_streak,0.85,none,3.0,total_return,10,-0.07868779621545692,-0.09452692305446049,-0.05991345506288355,0.001953125,0.002999680034129693,-2.6538507145246863
loss_streak,0.85,none,3.0,max_drawdown,10,0.008335096597384784,0.004641663891101422,0.011791393466125089,0.005859375,0.008424021565495208,1.37796921859402
loss_streak,0.85,none,5.0,memory_driven_leverage_amplification,10,-0.1772625,-0.18353333333333333,-0.171275,0.001953125,0.002999680034129693,-16.833437712227003
loss_streak,0.85,none,5.0,max_memory_driven_leverage_amplification,10,-0.18500000000000003,-0.29,-0.08000000000000007,0.001953125,0.002999680034129693,-1.0942468155285907
loss_streak,0.85,none,5.0,memory_pollution_ratio,10,0.0,0.0,0.0,1.0,1.0,0.0
loss_streak,0.85,none,5.0,total_return,10,-0.07868779621545692,-0.09452692305446049,-0.05991345506288355,0.001953125,0.002999680034129693,-2.6538507145246863
loss_streak,0.85,none,5.0,max_drawdown,10,0.008335096597384784,0.004641663891101422,0.011791393466125089,0.005859375,0.008424021565495208,1.37796921859402
loss_streak,1.0,max-position,1.0,memory_driven_leverage_amplification,10,-0.17632083333333332,-0.18292916666666664,-0.168725,0.001953125,0.002999680034129693,-14.904581369027348
loss_streak,1.0,max-position,1.0,max_memory_driven_leverage_amplification,10,-0.18500000000000003,-0.29,-0.08000000000000007,0.001953125,0.002999680034129693,-1.0942468155285907
loss_streak,1.0,max-position,1.0,memory_pollution_ratio,10,0.0,0.0,0.0,1.0,1.0,0.0
loss_streak,1.0,max-position,1.0,total_return,10,-0.031109350380235344,-0.038526440211728866,-0.02210340756419351,0.001953125,0.002999680034129693,-2.2585151395215917
loss_streak,1.0,max-position,1.0,max_drawdown,10,0.0046509675404815985,0.003270882213934323,0.006296120199239641,0.001953125,0.002999680034129693,1.776705154030154
loss_streak,1.0,max-position,3.0,memory_driven_leverage_amplification,10,-0.17632083333333332,-0.18292916666666664,-0.168725,0.001953125,0.002999680034129693,-14.904581369027348
loss_streak,1.0,max-position,3.0,max_memory_driven_leverage_amplification,10,-0.18500000000000003,-0.29,-0.08000000000000007,0.001953125,0.002999680034129693,-1.0942468155285907
loss_streak,1.0,max-position,3.0,memory_pollution_ratio,10,0.0,0.0,0.0,1.0,1.0,0.0
loss_streak,1.0,max-position,3.0,total_return,10,-0.031109350380235344,-0.038526440211728866,-0.02210340756419351,0.001953125,0.002999680034129693,-2.2585151395215917
loss_streak,1.0,max-position,3.0,max_drawdown,10,0.0046509675404815985,0.003270882213934323,0.006296120199239641,0.001953125,0.002999680034129693,1.776705154030154
loss_streak,1.0,max-position,5.0,memory_driven_leverage_amplification,10,-0.17632083333333332,-0.18292916666666664,-0.168725,0.001953125,0.002999680034129693,-14.904581369027348
loss_streak,1.0,max-position,5.0,max_memory_driven_leverage_amplification,10,-0.18500000000000003,-0.29,-0.08000000000000007,0.001953125,0.002999680034129693,-1.0942468155285907
loss_streak,1.0,max-position,5.0,memory_pollution_ratio,10,0.0,0.0,0.0,1.0,1.0,0.0
loss_streak,1.0,max-position,5.0,total_return,10,-0.031109350380235344,-0.038526440211728866,-0.02210340756419351,0.001953125,0.002999680034129693,-2.2585151395215917
loss_streak,1.0,max-position,5.0,max_drawdown,10,0.0046509675404815985,0.003270882213934323,0.006296120199239641,0.001953125,0.002999680034129693,1.776705154030154
loss_streak,1.0,none,1.0,memory_driven_leverage_amplification,10,-0.1772625,-0.18353333333333333,-0.171275,0.001953125,0.002999680034129693,-16.833437712227003
loss_streak,1.0,none,1.0,max_memory_driven_leverage_amplification,10,-0.18500000000000003,-0.29,-0.08000000000000007,0.001953125,0.002999680034129693,-1.0942468155285907
loss_streak,1.0,none,1.0,memory_pollution_ratio,10,0.0,0.0,0.0,1.0,1.0,0.0
loss_streak,1.0,none,1.0,total_return,10,-0.07868779621545692,-0.09452692305446049,-0.05991345506288355,0.001953125,0.002999680034129693,-2.6538507145246863
loss_streak,1.0,none,1.0,max_drawdown,10,0.008335096597384784,0.004641663891101422,0.011791393466125089,0.005859375,0.008424021565495208,1.37796921859402
loss_streak,1.0,none,3.0,memory_driven_leverage_amplification,10,-0.1772625,-0.18353333333333333,-0.171275,0.001953125,0.002999680034129693,-16.833437712227003
loss_streak,1.0,none,3.0,max_memory_driven_leverage_amplification,10,-0.18500000000000003,-0.29,-0.08000000000000007,0.001953125,0.002999680034129693,-1.0942468155285907
loss_streak,1.0,none,3.0,memory_pollution_ratio,10,0.0,0.0,0.0,1.0,1.0,0.0
loss_streak,1.0,none,3.0,total_return,10,-0.07868779621545692,-0.09452692305446049,-0.05991345506288355,0.001953125,0.002999680034129693,-2.6538507145246863
loss_streak,1.0,none,3.0,max_drawdown,10,0.008335096597384784,0.004641663891101422,0.011791393466125089,0.005859375,0.008424021565495208,1.37796921859402
loss_streak,1.0,none,5.0,memory_driven_leverage_amplification,10,-0.1772625,-0.18353333333333333,-0.171275,0.001953125,0.002999680034129693,-16.833437712227003
loss_streak,1.0,none,5.0,max_memory_driven_leverage_amplification,10,-0.18500000000000003,-0.29,-0.08000000000000007,0.001953125,0.002999680034129693,-1.0942468155285907
loss_streak,1.0,none,5.0,memory_pollution_ratio,10,0.0,0.0,0.0,1.0,1.0,0.0
loss_streak,1.0,none,5.0,total_return,10,-0.07868779621545692,-0.09452692305446049,-0.05991345506288355,0.001953125,0.002999680034129693,-2.6538507145246863
loss_streak,1.0,none,5.0,max_drawdown,10,0.008335096597384784,0.004641663891101422,0.011791393466125089,0.005859375,0.008424021565495208,1.37796921859402
missing_equity,0.6,max-position,0.1,memory_driven_leverage_amplification,10,0.0,0.0,0.0,1.0,1.0,0.0
missing_equity,0.6,max-position,0.1,max_memory_driven_leverage_amplification,10,0.0,0.0,0.0,1.0,1.0,0.0
missing_equity,0.6,max-position,0.1,memory_pollution_ratio,10,0.0,0.0,0.0,1.0,1.0,0.0
missing_equity,0.6,max-position,0.1,total_return,10,0.0,0.0,0.0,1.0,1.0,0.0
missing_equity,0.6,max-position,0.1,max_drawdown,10,0.0,0.0,0.0,1.0,1.0,0.0
missing_equity,0.6,max-position,0.25,memory_driven_leverage_amplification,10,-0.03207318702290078,-0.03530105540134167,-0.029189469118667617,0.001953125,0.002999680034129693,-6.18515725738491
missing_equity,0.6,max-position,0.25,max_memory_driven_leverage_amplification,10,-0.004496877168632896,-0.004496877168632896,-0.004496877168632896,0.001953125,0.002999680034129693,
missing_equity,0.6,max-position,0.25,memory_pollution_ratio,10,0.1932053323584812,0.183325546474662,0.20358955032394635,0.001953125,0.002999680034129693,11.047352951803415
missing_equity,0.6,max-position,0.25,total_return,10,-0.006571583186871099,-0.009064399817233792,-0.004321635837905435,0.001953125,0.002999680034129693,-1.6219367430443634
missing_equity,0.6,max-position,0.25,max_drawdown,10,0.00020559596089685382,-0.0010593554956952246,0.0012961805164170004,0.765625,1.0,0.10100523065428482
missing_equity,0.6,max-position,0.5,memory_driven_leverage_amplification,10,-0.07118897756187832,-0.0758154175341198,-0.06664814943326393,0.001953125,0.002999680034129693,-9.255816982225012
missing_equity,0.6,max-position,0.5,max_memory_driven_leverage_amplification,10,-0.014489937543372688,-0.015988896599583625,-0.012990978487161752,0.001953125,0.002999680034129693,-5.502363128693098
missing_equity,0.6,max-position,0.5,memory_pollution_ratio,10,0.39404271094280874,0.3826806559716183,0.40535196000676466,0.001953125,0.002999680034129693,20.249517523236648
missing_equity,0.6,max-position,0.5,total_return,10,-0.012555457387301705,-0.017875146243538875,-0.007246266531084289,0.00390625,0.005839908637873754,-1.430999663403807
missing_equity,0.6,max-position,0.5,max_drawdown,10,0.0027425785535862947,0.0004182593786826616,0.00454157873410338,0.037109375,0.05045081193353474,0.8039755689836025
missing_equity,0.6,max-position,0.75,memory_driven_leverage_amplification,10,-0.20079096402960905,-0.20886922276197084,-0.19223908454776778,0.001953125,0.002999680034129693,-14.584165563522385
missing_equity,0.6,max-position,0.75,max_memory_driven_leverage_amplification,10,-0.16494101318528803,-0.24988202637057597,-0.08000000000000007,0.001953125,0.002999680034129693,-1.2059910451800802
missing_equity,0.6,max-position,0.75,memory_pollution_ratio,10,0.7844074877522139,0.7744026364015418,0.7927100775251114,0.001953125,0.002999680034129693,51.7239393431348
missing_equity,0.6,max-position,0.75,total_return,10,-0.03772804771956371,-0.04540706119039819,-0.02948520226569078,0.001953125,0.002999680034129693,-2.778060419734457
missing_equity,0.6,max-position,0.75,max_drawdown,10,0.0054112061660146595,0.0026972032049166874,0.007733118492222335,0.009765625,0.013605359907120742,1.2961242174971068
missing_equity,0.6,none,0.1,memory_driven_leverage_amplification,10,0.0,0.0,0.0,1.0,1.0,0.0
missing_equity,0.6,none,0.1,max_memory_driven_leverage_amplification,10,0.0,0.0,0.0,1.0,1.0,0.0
missing_equity,0.6,none,0.1,memory_pollution_ratio,10,0.0,0.0,0.0,1.0,1.0,0.0
missing_equity,0.6,none,0.1,total_return,10,0.0,0.0,0.0,1.0,1.0,0.0
missing_equity,0.6,none,0.1,max_drawdown,10,0.0,0.0,0.0,1.0,1.0,0.0
missing_equity,0.6,none,0.25,memory_driven_leverage_amplification,10,-0.0312152295859357,-0.0340463321188989,-0.028666238723108927,0.001953125,0.002999680034129693,-6.813604673862641
missing_equity,0.6,none,0.25,max_memory_driven_leverage_amplification,10,-0.004496877168632896,-0.004496877168632896,-0.004496877168632896,0.001953125,0.002999680034129693,
missing_equity,0.6,none,0.25,memory_pollution_ratio,10,0.1932053323584812,0.183325546474662,0.20358955032394635,0.001953125,0.002999680034129693,11.047352951803415
missing_equity,0.6,none,0.25,total_return,10,-0.011151437212113535,-0.016992927861687112,-0.005787639647189402,0.00390625,0.005839908637873754,-1.2069110067729916
missing_equity,0.6,none,0.25,max_drawdown,10,0.0013498443065068978,-8.063136926657055e-05,0.0030981051668920847,0.171875,0.2288276627218935,0.5077974055495902
missing_equity,0.6,none,0.5,memory_driven_leverage_amplification,10,-0.0668881101087208,-0.07204282327087669,-0.06265524230858202,0.001953125,0.002999680034129693,-8.548840917893411
missing_equity,0.6,none,0.5,max_memory_driven_leverage_amplification,10,-0.01399028452463571,-0.015489243580846645,-0.012491325468424774,0.001953125,0.002999680034129693,-5.422176684690505
missing_equity,0.6,none,0.5,memory_pollution_ratio,10,0.39438969220582054,0.38325387328769117,0.40548136317330535,0.001953125,0.002999680034129693,20.74841267911936
missing_equity,0.6,none,0.5,total_return,10,-0.023649810385824345,-0.03713566780967352,-0.011190138564302444,0.009765625,0.013605359907120742,-1.1241304921542936
missing_equity,0.6,none,0.5,max_drawdown,10,0.002215310310152374,-0.0009123886276943716,0.005464909058181766,0.240234375,0.31889518805309736,0.42645397642120225
missing_equity,0.6,none,0.75,memory_driven_leverage_amplification,10,-0.20099851954661113,-0.20945014457552627,-0.19331211542910015,0.001953125,0.002999680034129693,-14.886109391199914
missing_equity,0.6,none,0.75,max_memory_driven_leverage_amplification,10,-0.16494101318528803,-0.24988202637057597,-0.08000000000000007,0.001953125,0.002999680034129693,-1.2059910451800802
missing_equity,0.6,none,0.75,memory_pollution_ratio,10,0.7852408210855473,0.7769026364015418,0.7927240510187419,0.001953125,0.002999680034129693,59.47424192194077
missing_equity,0.6,none,0.75,total_return,10,-0.1060562422376907,-0.12147809162013357,-0.09087370265929189,0.001953125,0.002999680034129693,-3.881420565881139
missing_equity,0.6,none,0.75,max_drawdown,10,0.006956717900794019,0.003163761603671933,0.010248469206077448,0.009765625,0.013605359907120742,1.1426505610237196
missing_equity,0.85,max-position,0.1,memory_driven_leverage_amplification,10,0.0,0.0,0.0,1.0,1.0,0.0
missing_equity,0.85,max-position,0.1,max_memory_driven_leverage_amplification,10,0.0,0.0,0.0,1.0,1.0,0.0
missing_equity,0.85,max-position,0.1,memory_pollution_ratio,10,0.0,0.0,0.0,1.0,1.0,0.0
missing_equity,0.85,max-position,0.1,total_return,10,0.0,0.0,0.0,1.0,1.0,0.0
missing_equity,0.85,max-position,0.1,max_drawdown,10,0.0,0.0,0.0,1.0,1.0,0.0
missing_equity,0.85,max-position,0.25,memory_driven_leverage_amplification,10,-0.0333006505797568,-0.03558217117950638,-0.031176104447788743,0.001953125,0.002999680034129693,-8.949361840476469
missing_equity,0.85,max-position,0.25,max_memory_driven_leverage_amplification,10,-0.011260353803037138,-0.011260353803037138,-0.011260353803037138,0.001953125,0.002999680034129693,
missing_equity,0.85,max-position,0.25,memory_pollution_ratio,10,0.19545284867122553,0.19218994227024394,0.19875100474375051,0.001953125,0.002999680034129693,34.978264156655946
missing_equity,0.85,max-position,0.25,total_return,10,-0.005535265120975352,-0.007286729038444406,-0.00360971902664331,0.00390625,0.005839908637873754,-1.748927306475901
missing_equity,0.85,max-position,0.25,max_drawdown,10,0.0004948480166589664,-0.0006010940358748384,0.0014753287924720304,0.396484375,0.5232198497067448,0.27756888114541617
missing_equity,0.85,max-position,0.5,memory_driven_leverage_amplification,10,-0.0721360876064451,-0.0756456450127883,-0.06899545133452763,0.001953125,0.002999680034129693,-13.082808924724194
missing_equity,0.85,max-position,0.5,max_memory_driven_leverage_amplification,10,-0.025910502695569982,-0.02661183961063802,-0.02520916578050194,0.001953125,0.002999680034129693,-21.46278271023336
missing_equity,0.85,max-position,0.5,memory_pollution_ratio,10,0.3958354711136761,0.3918784607410443,0.39966618435405266,0.001953125,0.002999680034129693,59.848047553889074
missing_equity,0.85,max-position,0.5,total_return,10,-0.0131265021614827,-0.017205938614689886,-0.008524592892305383,0.00390625,0.005839908637873754,-1.806148434048341
missing_equity,0.85,max-position,0.5,max_drawdown,10,0.0029131684114901525,0.0007556061687879478,0.004648054483153685,0.025390625,0.03504840874233129,0.8989098751322533
missing_equity,0.85,max-position,0.75,memory_driven_leverage_amplification,10,-0.20049995388010963,-0.20766982617407703,-0.19297758782580948,0.001953125,0.002999680034129693,-16.26295731117922
missing_equity,0.85,max-position,0.75,max_memory_driven_leverage_amplification,10,-0.1895538111264096,-0.2991076222528191,-0.08000000000000007,0.001953125,0.002999680034129693,-1.074577870180544
missing_equity,0.85,max-position,0.75,memory_pollution_ratio,10,0.7854026088639575,0.7808346527629055,0.7887362018158811,0.001953125,0.002999680034129693,118.1426679886261
missing_equity,0.85,max-position,0.75,total_return,10,-0.03536917285539556,-0.043904266127106406,-0.02620105446144714,0.001953125,0.002999680034129693,-2.4037810334089857
missing_equity,0.85,max-position,0.75,max_drawdown,10,0.006158599856374336,0.0044642996179032664,0.007965846677407828,0.001953125,0.002999680034129693,2.039992922629897
missing_equity,0.85,none,0.1,memory_driven_leverage_amplification,10,0.0,0.0,0.0,1.0,1.0,0.0
missing_equity,0.85,none,0.1,max_memory_driven_leverage_amplification,10,0.0,0.0,0.0,1.0,1.0,0.0
missing_equity,0.85,none,0.1,memory_pollution_ratio,10,0.0,0.0,0.0,1.0,1.0,0.0
missing_equity,0.85,none,0.1,total_return,10,0.0,0.0,0.0,1.0,1.0,0.0
missing_equity,0.85,none,0.1,max_drawdown,10,0.0,0.0,0.0,1.0,1.0,0.0
missing_equity,0.85,none,0.25,memory_driven_leverage_amplification,10,-0.031594260081914766,-0.03370848648114225,-0.02952365873134912,0.001953125,0.002999680034129693,-8.7659786658011
missing_equity,0.85,none,0.25,max_memory_driven_leverage_amplification,10,-0.011260353803037138,-0.011260353803037138,-0.011260353803037138,0.001953125,0.002999680034129693,
missing_equity,0.85,none,0.25,memory_pollution_ratio,10,0.19545284867122553,0.19218994227024394,0.19875100474375051,0.001953125,0.002999680034129693,34.978264156655946
missing_equity,0.85,none,0.25,total_return,10,-0.0079508119574905,-0.011531345306491737,-0.004433854161697082,0.005859375,0.008424021565495208,-1.3426291958403354
missing_equity,0.85,none,0.25,max_drawdown,10,0.001495197875432419,0.0005360452004445793,0.002580266631129602,0.009765625,0.013605359907120742,0.8612213547573997
missing_equity,0.85,none,0.5,memory_driven_leverage_amplification,10,-0.06780772300315199,-0.07267265426148348,-0.06348310637122974,0.001953125,0.002999680034129693,-8.93863839969664
missing_equity,0.85,none,0.5,max_memory_driven_leverage_amplification,10,-0.025442944752191287,-0.02614428166725933,-0.024741607837123248,0.001953125,0.002999680034129693,-21.075484375612618
missing_equity,0.85,none,0.5,memory_pollution_ratio,10,0.39618881351369684,0.39262822299958455,0.39977813241017873,0.001953125,0.002999680034129693,64.61588243831598
missing_equity,0.85,none,0.5,total_return,10,-0.018419146963155563,-0.02863315986974253,-0.00897940746159529,0.005859375,0.008424021565495208,-1.1394869811664659
missing_equity,0.85,none,0.5,max_drawdown,10,0.003336001676342892,0.0006928179698545533,0.005919036046651038,0.046875,0.06315494011976049,0.7550637172521564
missing_equity,0.85,none,0.75,memory_driven_leverage_amplification,10,-0.200797585840014,-0.20831801009104325,-0.19374526243818616,0.001953125,0.002999680034129693,-16.313085665665756
missing_equity,0.85,none,0.75,max_memory_driven_leverage_amplification,10,-0.1895538111264096,-0.2991076222528191,-0.08000000000000007,0.001953125,0.002999680034129693,-1.074577870180544
missing_equity,0.85,none,0.75,memory_pollution_ratio,10,0.7862359421972908,0.7833363189388847,0.7887362018158811,0.001953125,0.002999680034129693,174.3984175540851
missing_equity,0.85,none,0.75,total_return,10,-0.10091104541252305,-0.11474450711438713,-0.08542942322417135,0.001953125,0.002999680034129693,-3.9706940494988534
missing_equity,0.85,none,0.75,max_drawdown,10,0.0077135714337847935,0.0043190194586830155,0.010645940158426681,0.0078125,0.01102076802507837,1.440894539657432
missing_equity,1.0,max-position,0.1,memory_driven_leverage_amplification,10,0.0,0.0,0.0,1.0,1.0,0.0
missing_equity,1.0,max-position,0.1,max_memory_driven_leverage_amplification,10,0.0,0.0,0.0,1.0,1.0,0.0
missing_equity,1.0,max-position,0.1,memory_pollution_ratio,10,0.0,0.0,0.0,1.0,1.0,0.0
missing_equity,1.0,max-position,0.1,total_return,10,0.0,0.0,0.0,1.0,1.0,0.0
missing_equity,1.0,max-position,0.1,max_drawdown,10,0.0,0.0,0.0,1.0,1.0,0.0
missing_equity,1.0,max-position,0.25,memory_driven_leverage_amplification,10,-0.03373416666666666,-0.03562749999999997,-0.0319325,0.001953125,0.002999680034129693,-10.680011736063385
missing_equity,1.0,max-position,0.25,max_memory_driven_leverage_amplification,10,-0.015999999999999993,-0.016000000000000014,-0.01599999999999995,0.001953125,0.002999680034129693,
missing_equity,1.0,max-position,0.25,memory_pollution_ratio,10,0.1965277777777778,0.1965277777777778,0.1965277777777778,0.001953125,0.002999680034129693,
missing_equity,1.0,max-position,0.25,total_return,10,-0.0055302234165648615,-0.00719142939615427,-0.003497744723611973,0.00390625,0.005839908637873754,-1.7467870565945562
missing_equity,1.0,max-position,0.25,max_drawdown,10,0.0006419220867646235,-0.00043614504201088254,0.0016325720266246791,0.275390625,0.3644875919117647,0.3615442538739073
missing_equity,1.0,max-position,0.5,memory_driven_leverage_amplification,10,-0.07290666666666665,-0.07603,-0.0702233333333333,0.001953125,0.002999680034129693,-15.109767820220366
missing_equity,1.0,max-position,0.5,max_memory_driven_leverage_amplification,10,-0.03200000000000003,-0.03200000000000003,-0.03200000000000003,0.001953125,0.002999680034129693,
missing_equity,1.0,max-position,0.5,memory_pollution_ratio,10,0.39688888888888896,0.39622222222222225,0.39722222222222225,0.001953125,0.002999680034129693,376.5218600707064
missing_equity,1.0,max-position,0.5,total_return,10,-0.013821953372154083,-0.017717545368341338,-0.009329513589253513,0.00390625,0.005839908637873754,-1.9141938377782788
missing_equity,1.0,max-position,0.5,max_drawdown,10,0.0026487053940356885,0.0006479378235905164,0.0042569530328528836,0.02734375,0.037514291158536585,0.8738019803796945
missing_equity,1.0,max-position,0.75,memory_driven_leverage_amplification,10,-0.2002791666666667,-0.2069666666666667,-0.19323750000000003,0.001953125,0.002999680034129693,-17.34779580473173
missing_equity,1.0,max-position,0.75,max_memory_driven_leverage_amplification,10,-0.2000000000000001,-0.3200000000000001,-0.08000000000000007,0.001953125,0.002999680034129693,-1.0350983390135318
missing_equity,1.0,max-position,0.75,memory_pollution_ratio,10,0.7859722222222223,0.7843055555555557,0.7868055555555556,0.001953125,0.002999680034129693,298.25548798154875
missing_equity,1.0,max-position,0.75,total_return,10,-0.03582496600592755,-0.0445432006717299,-0.025709819740921014,0.001953125,0.002999680034129693,-2.24202123468881
missing_equity,1.0,max-position,0.75,max_drawdown,10,0.006019339054257111,0.0044223579709803725,0.007895423034802207,0.001953125,0.002999680034129693,2.0140320186322858
missing_equity,1.0,none,0.1,memory_driven_leverage_amplification,10,0.0,0.0,0.0,1.0,1.0,0.0
missing_equity,1.0,none,0.1,max_memory_driven_leverage_amplification,10,0.0,0.0,0.0,1.0,1.0,0.0
missing_equity,1.0,none,0.1,memory_pollution_ratio,10,0.0,0.0,0.0,1.0,1.0,0.0
missing_equity,1.0,none,0.1,total_return,10,0.0,0.0,0.0,1.0,1.0,0.0
missing_equity,1.0,none,0.1,max_drawdown,10,0.0,0.0,0.0,1.0,1.0,0.0
missing_equity,1.0,none,0.25,memory_driven_leverage_amplification,10,-0.031606249999999975,-0.033502916666666625,-0.02975583333333332,0.001953125,0.002999680034129693,-9.630293199769456
missing_equity,1.0,none,0.25,max_memory_driven_leverage_amplification,10,-0.015999999999999993,-0.016000000000000014,-0.01599999999999995,0.001953125,0.002999680034129693,
missing_equity,1.0,none,0.25,memory_pollution_ratio,10,0.1965277777777778,0.1965277777777778,0.1965277777777778,0.001953125,0.002999680034129693,
missing_equity,1.0,none,0.25,total_return,10,-0.006886041746803495,-0.01013778548989861,-0.0035019480960711614,0.0078125,0.01102076802507837,-1.2237601940682317
missing_equity,1.0,none,0.25,max_drawdown,10,0.0015974652502808717,0.0006887075055832748,0.002552270077162444,0.0078125,0.01102076802507837,1.0073737129973892
missing_equity,1.0,none,0.5,memory_driven_leverage_amplification,10,-0.06832333333333333,-0.07280916666666666,-0.0641125,0.001953125,0.002999680034129693,-9.47606934556923
missing_equity,1.0,none,0.5,max_memory_driven_leverage_amplification,10,-0.03200000000000003,-0.03200000000000003,-0.03200000000000003,0.001953125,0.002999680034129693,
missing_equity,1.0,none,0.5,memory_pollution_ratio,10,0.39722222222222225,0.39722222222222225,0.39722222222222225,0.001953125,0.002999680034129693,
missing_equity,1.0,none,0.5,total_return,10,-0.01733960651740112,-0.025881579856822667,-0.009416767687930028,0.00390625,0.005839908637873754,-1.2502258950078813
missing_equity,1.0,none,0.5,max_drawdown,10,0.0036147155150316524,0.0016869473731190188,0.005643194900697257,0.0078125,0.01102076802507837,1.104955751639214
missing_equity,1.0,none,0.75,memory_driven_leverage_amplification,10,-0.20061666666666667,-0.2075375,-0.1940375,0.001953125,0.002999680034129693,-17.22053305726251
missing_equity,1.0,none,0.75,max_memory_driven_leverage_amplification,10,-0.2000000000000001,-0.3200000000000001,-0.08000000000000007,0.001953125,0.002999680034129693,-1.0350983390135318
missing_equity,1.0,none,0.75,memory_pollution_ratio,10,0.7868055555555556,0.7868055555555556,0.7868055555555556,0.001953125,0.002999680034129693,
missing_equity,1.0,none,0.75,total_return,10,-0.09816063701074595,-0.11260580689645672,-0.08136715293493715,0.001953125,0.002999680034129693,-3.606817345256932
missing_equity,1.0,none,0.75,max_drawdown,10,0.008703820563273335,0.0055974789521570645,0.011685233755383584,0.001953125,0.002999680034129693,1.7010944919226263
