agent,kind,dose,decay,risk,seed,sample,memory_driven_leverage_amplification,max_memory_driven_leverage_amplification,memory_pollution_ratio,total_return,max_drawdown,turnover_events,hold_ratio
glm:glm-5,blackout,0.0,0.85,max-position,1,0,0.0,0.0,0.0,0.21195354888666063,-0.002213411528830367,45,0.08333333333333333
glm:glm-5,blackout,0.0,0.85,max-position,1,1,0.0,0.0,0.0,0.2088972013175212,-0.002213411528830367,44,0.08333333333333333
glm:glm-5,blackout,0.0,0.85,max-position,1,2,0.0,0.0,0.0,0.2088972013175212,-0.002213411528830367,44,0.08333333333333333
glm:glm-5,blackout,0.0,0.85,max-position,2,0,0.0,0.0,0.0,0.2457791377749856,-0.0012307564478712951,42,0.08333333333333333
glm:glm-5,blackout,0.0,0.85,max-position,2,1,0.0,0.0,0.0,0.2457791377749856,-0.0012307564478712951,42,0.08333333333333333
glm:glm-5,blackout,0.0,0.85,max-position,2,2,0.0,0.0,0.0,0.22367506310531193,-0.0012307564478712951,40,0.10416666666666667
glm:glm-5,blackout,0.0,0.85,max-position,3,0,0.0,0.0,0.0,0.20825021693002044,-0.001681904306099824,45,0.125
glm:glm-5,blackout,0.0,0.85,max-position,3,1,0.0,0.0,0.0,0.20825021693002044,-0.001681904306099824,45,0.125
glm:glm-5,blackout,0.0,0.85,max-position,3,2,0.0,0.0,0.0,0.20825021693002044,-0.001681904306099824,45,0.125
glm:glm-5,blackout,0.0,0.85,max-position,4,0,0.0,0.0,0.0,0.19262127579542887,-0.002987176367376443,42,0.125
glm:glm-5,blackout,0.0,0.85,max-position,4,1,0.0,0.0,0.0,0.21061334046569735,-0.0034456059057849098,42,0.10416666666666667
glm:glm-5,blackout,0.0,0.85,max-position,4,2,0.0,0.0,0.0,0.2097536639867077,-0.0034456059057849098,41,0.125
glm:glm-5,blackout,0.0,0.85,max-position,5,0,0.0,0.0,0.0,0.1858418208160284,-0.0006962333397607656,43,0.10416666666666667
glm:glm-5,blackout,0.0,0.85,max-position,5,1,0.0,0.0,0.0,0.1762834740164554,-0.0006962333397607656,42,0.125
glm:glm-5,blackout,0.0,0.85,max-position,5,2,0.0,0.0,0.0,0.18880111576116265,-0.0006962333397607656,43,0.10416666666666667
glm:glm-5,blackout,0.0,0.85,max-position,6,0,0.0,0.0,0.0,0.20210152588728825,-0.003728902274806156,42,0.10416666666666667
glm:glm-5,blackout,0.0,0.85,max-position,6,1,0.0,0.0,0.0,0.21562007553746088,-0.003728902274806156,43,0.041666666666666664
glm:glm-5,blackout,0.0,0.85,max-position,6,2,0.0,0.0,0.0,0.21562007553746088,-0.003728902274806156,43,0.041666666666666664
glm:glm-5,blackout,0.0,0.85,max-position,7,0,0.0,0.0,0.0,0.1579916886048538,-0.0031405533616956083,41,0.16666666666666666
glm:glm-5,blackout,0.0,0.85,max-position,7,1,0.0,0.0,0.0,0.1579916886048538,-0.0031405533616956083,41,0.16666666666666666
glm:glm-5,blackout,0.0,0.85,max-position,7,2,0.0,0.0,0.0,0.1579916886048538,-0.0031405533616956083,41,0.16666666666666666
glm:glm-5,blackout,0.0,0.85,max-position,8,0,0.0,0.0,0.0,0.15217037075449724,-0.0013752041883615673,42,0.14583333333333334
glm:glm-5,blackout,0.0,0.85,max-position,8,1,0.0,0.0,0.0,0.16006701954242697,-0.0015674496539717087,42,0.125
glm:glm-5,blackout,0.0,0.85,max-position,8,2,0.0,0.0,0.0,0.15217037075449724,-0.0013752041883615673,42,0.14583333333333334
glm:glm-5,blackout,0.0,0.85,max-position,9,0,0.0,0.0,0.0,0.1743043903391963,-0.008394547915742456,41,0.16666666666666666
glm:glm-5,blackout,0.0,0.85,max-position,9,1,0.0,0.0,0.0,0.1531959503452407,-0.008394547915742456,42,0.16666666666666666
glm:glm-5,blackout,0.0,0.85,max-position,9,2,0.0,0.0,0.0,0.1606958932007223,-0.008394547915742456,43,0.14583333333333334
glm:glm-5,blackout,0.0,0.85,max-position,10,0,0.0,0.0,0.0,0.2214470313815904,-0.01028735092810118,43,0.10416666666666667
glm:glm-5,blackout,0.0,0.85,max-position,10,1,0.0,0.0,0.0,0.2214470313815904,-0.01028735092810118,43,0.125
glm:glm-5,blackout,0.0,0.85,max-position,10,2,0.0,0.0,0.0,0.2214470313815904,-0.01028735092810118,43,0.10416666666666667
glm:glm-5,blackout,1.0,0.85,max-position,1,0,0.0,0.0,0.0,0.17176500084235613,-0.0024637445890562937,43,0.22916666666666666
glm:glm-5,blackout,1.0,0.85,max-position,1,1,0.0,0.0,0.0,0.20308273479883754,-0.002213411528830367,43,0.16666666666666666
glm:glm-5,blackout,1.0,0.85,max-position,1,2,0.0,0.0,0.0,0.16087943379286695,-0.002213411528830367,44,0.20833333333333334
glm:glm-5,blackout,1.0,0.85,max-position,2,0,0.0,0.0,0.0,0.19437902289299092,-0.0014165384867212971,39,0.22916666666666666
glm:glm-5,blackout,1.0,0.85,max-position,2,1,0.0,0.0,0.0,0.20987744041058098,-0.0012307564478712951,41,0.125
glm:glm-5,blackout,1.0,0.85,max-position,2,2,0.0,0.0,0.0,0.20987744041058098,-0.0012307564478712951,41,0.125
glm:glm-5,blackout,1.0,0.85,max-position,3,0,0.0,0.0,0.0,0.20065180636063973,-0.0043507081744554865,43,0.20833333333333334
glm:glm-5,blackout,1.0,0.85,max-position,3,1,0.0,0.0,0.0,0.19414993364660238,-0.0013457787217434625,40,0.20833333333333334
glm:glm-5,blackout,1.0,0.85,max-position,3,2,0.0,0.0,0.0,0.18796167163804567,-0.001681904306099824,44,0.16666666666666666
glm:glm-5,blackout,1.0,0.85,max-position,4,0,0.0,0.0,0.0,0.2174795720697944,-0.0040414840052913625,40,0.1875
glm:glm-5,blackout,1.0,0.85,max-position,4,1,0.0,0.0,0.0,0.21728760995471563,-0.0040414840052913625,40,0.25
glm:glm-5,blackout,1.0,0.85,max-position,4,2,0.0,0.0,0.0,0.19376225801997005,-0.0040414840052913625,42,0.2708333333333333
glm:glm-5,blackout,1.0,0.85,max-position,5,0,0.0,0.0,0.0,0.1935743610965801,-0.0006962333397607656,42,0.125
glm:glm-5,blackout,1.0,0.85,max-position,5,1,0.0,0.0,0.0,0.18461860306196143,-0.0006962333397607656,42,0.125
glm:glm-5,blackout,1.0,0.85,max-position,5,2,0.0,0.0,0.0,0.18461860306196143,-0.0006962333397607656,42,0.125
glm:glm-5,blackout,1.0,0.85,max-position,6,0,0.0,0.0,0.0,0.16836097784010873,-0.003728902274806156,44,0.10416666666666667
glm:glm-5,blackout,1.0,0.85,max-position,6,1,0.0,0.0,0.0,0.21013762310988815,-0.003728902274806156,41,0.08333333333333333
glm:glm-5,blackout,1.0,0.85,max-position,6,2,0.0,0.0,0.0,0.17020998605615945,-0.003728902274806156,44,0.10416666666666667
glm:glm-5,blackout,1.0,0.85,max-position,7,0,0.0,0.0,0.0,0.1579916886048538,-0.0031405533616956083,41,0.16666666666666666
glm:glm-5,blackout,1.0,0.85,max-position,7,1,0.0,0.0,0.0,0.1521287728285281,-0.0017469470031361567,41,0.1875
glm:glm-5,blackout,1.0,0.85,max-position,7,2,0.0,0.0,0.0,0.1579916886048538,-0.0031405533616956083,41,0.16666666666666666
glm:glm-5,blackout,1.0,0.85,max-position,8,0,0.0,0.0,0.0,0.17899388118815374,-0.0008937579562372511,40,0.1875
glm:glm-5,blackout,1.0,0.85,max-position,8,1,0.0,0.0,0.0,0.16006701954242697,-0.0015674496539717087,42,0.125
glm:glm-5,blackout,1.0,0.85,max-position,8,2,0.0,0.0,0.0,0.16746459363732402,-0.001560554220373711,42,0.16666666666666666
glm:glm-5,blackout,1.0,0.85,max-position,9,0,0.0,0.0,0.0,0.14250861419295102,-0.008394547915742456,42,0.22916666666666666
glm:glm-5,blackout,1.0,0.85,max-position,9,1,0.0,0.0,0.0,0.14981728101435543,-0.008394547915742456,43,0.20833333333333334
glm:glm-5,blackout,1.0,0.85,max-position,9,2,0.0,0.0,0.0,0.14250861419295102,-0.008394547915742456,42,0.22916666666666666
glm:glm-5,blackout,1.0,0.85,max-position,10,0,0.0,0.0,0.0,0.21662671896249241,-0.01028735092810118,42,0.14583333333333334
glm:glm-5,blackout,1.0,0.85,max-position,10,1,0.0,0.0,0.0,0.21064952863565312,-0.01028735092810118,42,0.14583333333333334
glm:glm-5,blackout,1.0,0.85,max-position,10,2,0.0,0.0,0.0,0.21670181157418678,-0.01028735092810118,42,0.125
glm:glm-5,blackout,0.0,0.85,none,1,0,0.0,0.0,0.0,0.29646342815528604,-0.0017792909939793322,26,0.08333333333333333
glm:glm-5,blackout,0.0,0.85,none,1,1,0.0,0.0,0.0,0.29646342815528604,-0.0017792909939793322,26,0.08333333333333333
glm:glm-5,blackout,0.0,0.85,none,1,2,0.0,0.0,0.0,0.2973323012373783,-0.0017800111219306025,28,0.08333333333333333
glm:glm-5,blackout,0.0,0.85,none,2,0,0.0,0.0,0.0,0.36821906662567816,-0.0016774184061485453,23,0.08333333333333333
glm:glm-5,blackout,0.0,0.85,none,2,1,0.0,0.0,0.0,0.35383225802919127,-0.0016774184061485453,24,0.10416666666666667
glm:glm-5,blackout,0.0,0.85,none,2,2,0.0,0.0,0.0,0.3682323625569557,-0.0016774184061485453,23,0.08333333333333333
glm:glm-5,blackout,0.0,0.85,none,3,0,0.0,0.0,0.0,0.3042085938905368,-0.008547007721185218,21,0.14583333333333334
glm:glm-5,blackout,0.0,0.85,none,3,1,0.0,0.0,0.0,0.2878526420444967,-0.008545560611595615,22,0.16666666666666666
glm:glm-5,blackout,0.0,0.85,none,3,2,0.0,0.0,0.0,0.3036353996897927,-0.008545560611595615,24,0.14583333333333334
glm:glm-5,blackout,0.0,0.85,none,4,0,0.0,0.0,0.0,0.35019893276350245,-0.005866874523774435,22,0.16666666666666666
glm:glm-5,blackout,0.0,0.85,none,4,1,0.0,0.0,0.0,0.3518639429344852,-0.005879000540288226,20,0.10416666666666667
glm:glm-5,blackout,0.0,0.85,none,4,2,0.0,0.0,0.0,0.34959271465772157,-0.005879229935688346,26,0.10416666666666667
glm:glm-5,blackout,0.0,0.85,none,5,0,0.0,0.0,0.0,0.29486777124164876,-0.0016453690283553257,24,0.125
glm:glm-5,blackout,0.0,0.85,none,5,1,0.0,0.0,0.0,0.3178836079109786,-0.0016453690283553257,20,0.10416666666666667
glm:glm-5,blackout,0.0,0.85,none,5,2,0.0,0.0,0.0,0.29608003614342193,-0.0016453690283553257,23,0.125
glm:glm-5,blackout,0.0,0.85,none,6,0,0.0,0.0,0.0,0.33978659538170275,-0.0075837380531951215,9,0.041666666666666664
glm:glm-5,blackout,0.0,0.85,none,6,1,0.0,0.0,0.0,0.3180320688252669,-0.0075837380531951215,15,0.08333333333333333
glm:glm-5,blackout,0.0,0.85,none,6,2,0.0,0.0,0.0,0.33978659538170275,-0.0075837380531951215,8,0.041666666666666664
glm:glm-5,blackout,0.0,0.85,none,7,0,0.0,0.0,0.0,0.2790245546181558,-0.0011797386560000733,20,0.16666666666666666
glm:glm-5,blackout,0.0,0.85,none,7,1,0.0,0.0,0.0,0.25373952291600266,-0.007239322975124529,30,0.1875
glm:glm-5,blackout,0.0,0.85,none,7,2,0.0,0.0,0.0,0.2843425189761788,-0.0011797386560000733,20,0.16666666666666666
glm:glm-5,blackout,0.0,0.85,none,8,0,0.0,0.0,0.0,0.284651730623976,-0.002070361734848092,27,0.14583333333333334
glm:glm-5,blackout,0.0,0.85,none,8,1,0.0,0.0,0.0,0.2330040245190721,-0.002198664909097592,27,0.16666666666666666
glm:glm-5,blackout,0.0,0.85,none,8,2,0.0,0.0,0.0,0.286550122154861,-0.002070361734848092,23,0.14583333333333334
glm:glm-5,blackout,0.0,0.85,none,9,0,0.0,0.0,0.0,0.26743884985455724,-0.015755771082895276,22,0.14583333333333334
glm:glm-5,blackout,0.0,0.85,none,9,1,0.0,0.0,0.0,0.27294655983170135,-0.015755771082895276,22,0.14583333333333334
glm:glm-5,blackout,0.0,0.85,none,9,2,0.0,0.0,0.0,0.2636954487345273,-0.010162420609448275,26,0.16666666666666666
glm:glm-5,blackout,0.0,0.85,none,10,0,0.0,0.0,0.0,0.31904297469944587,-0.013679277052062622,22,0.10416666666666667
glm:glm-5,blackout,0.0,0.85,none,10,1,0.0,0.0,0.0,0.3229838219400476,-0.013821318206102662,22,0.10416666666666667
glm:glm-5,blackout,0.0,0.85,none,10,2,0.0,0.0,0.0,0.31904297469944587,-0.013679277052062622,22,0.10416666666666667
glm:glm-5,blackout,1.0,0.85,none,1,0,0.0,0.0,0.0,0.2834140599669335,-0.0017792909939793322,35,0.14583333333333334
glm:glm-5,blackout,1.0,0.85,none,1,1,0.0,0.0,0.0,0.3068167141611793,-0.0017792909939793322,25,0.125
glm:glm-5,blackout,1.0,0.85,none,1,2,0.0,0.0,0.0,0.27264453541719424,-0.0017800111219306025,35,0.1875
glm:glm-5,blackout,1.0,0.85,none,2,0,0.0,0.0,0.0,0.27094601842087074,-0.0016774184061485453,32,0.16666666666666666
glm:glm-5,blackout,1.0,0.85,none,2,1,0.0,0.0,0.0,0.3612309470400734,-0.0016774184061485453,20,0.10416666666666667
glm:glm-5,blackout,1.0,0.85,none,2,2,0.0,0.0,0.0,0.36120415612446255,-0.0016774184061485453,20,0.10416666666666667
glm:glm-5,blackout,1.0,0.85,none,3,0,0.0,0.0,0.0,0.27887134509364775,-0.008547007721185218,30,0.16666666666666666
glm:glm-5,blackout,1.0,0.85,none,3,1,0.0,0.0,0.0,0.26173102895484024,-0.008545560611595615,29,0.22916666666666666
glm:glm-5,blackout,1.0,0.85,none,3,2,0.0,0.0,0.0,0.25489555459974866,-0.008545560611595615,32,0.1875
glm:glm-5,blackout,1.0,0.85,none,4,0,0.0,0.0,0.0,0.3318605876844931,-0.005879281393856184,21,0.14583333333333334
glm:glm-5,blackout,1.0,0.85,none,4,1,0.0,0.0,0.0,0.29273393461429187,-0.008315603470249289,31,0.20833333333333334
glm:glm-5,blackout,1.0,0.85,none,4,2,0.0,0.0,0.0,0.3101611266451456,-0.008315689990541109,32,0.25
glm:glm-5,blackout,1.0,0.85,none,5,0,0.0,0.0,0.0,0.2883888902924616,-0.0016453690283553257,26,0.14583333333333334
glm:glm-5,blackout,1.0,0.85,none,5,1,0.0,0.0,0.0,0.2857909428560166,-0.0016453690283553257,21,0.16666666666666666
glm:glm-5,blackout,1.0,0.85,none,5,2,0.0,0.0,0.0,0.20816227072571047,-0.002618283791392284,30,0.22916666666666666
glm:glm-5,blackout,1.0,0.85,none,6,0,0.0,0.0,0.0,0.3405967583152465,-0.0075837380531951215,7,0.041666666666666664
glm:glm-5,blackout,1.0,0.85,none,6,1,0.0,0.0,0.0,0.3405967583152465,-0.0075837380531951215,7,0.041666666666666664
glm:glm-5,blackout,1.0,0.85,none,6,2,0.0,0.0,0.0,0.34085351176683676,-0.0075837380531951215,7,0.041666666666666664
glm:glm-5,blackout,1.0,0.85,none,7,0,0.0,0.0,0.0,0.2693110235860121,-0.0012174795792698756,21,0.16666666666666666
glm:glm-5,blackout,1.0,0.85,none,7,1,0.0,0.0,0.0,0.2801627562103117,-0.0011797386560000733,22,0.16666666666666666
glm:glm-5,blackout,1.0,0.85,none,7,2,0.0,0.0,0.0,0.2905704553361188,-0.0011797386560000733,20,0.16666666666666666
glm:glm-5,blackout,1.0,0.85,none,8,0,0.0,0.0,0.0,0.2844464444162391,-0.002070361734848092,24,0.16666666666666666
glm:glm-5,blackout,1.0,0.85,none,8,1,0.0,0.0,0.0,0.2725319446817145,-0.002198664909097592,27,0.125
glm:glm-5,blackout,1.0,0.85,none,8,2,0.0,0.0,0.0,0.25117258204443726,-0.002070361734848092,24,0.1875
glm:glm-5,blackout,1.0,0.85,none,9,0,0.0,0.0,0.0,0.2735352288319852,-0.015755771082895276,29,0.1875
glm:glm-5,blackout,1.0,0.85,none,9,1,0.0,0.0,0.0,0.25242596302248543,-0.013701090654437809,28,0.20833333333333334
glm:glm-5,blackout,1.0,0.85,none,9,2,0.0,0.0,0.0,0.2777927693914457,-0.015755771082895276,29,0.1875
glm:glm-5,blackout,1.0,0.85,none,10,0,0.0,0.0,0.0,0.3084598035191015,-0.013821318206102662,26,0.16666666666666666
glm:glm-5,blackout,1.0,0.85,none,10,1,0.0,0.0,0.0,0.29824589039404725,-0.013679277052062622,29,0.125
glm:glm-5,blackout,1.0,0.85,none,10,2,0.0,0.0,0.0,0.30179789366401155,-0.013679277052062622,31,0.16666666666666666
