agent,market_regime,kind,dose,decay,risk,seed,sample,memory_driven_leverage_amplification,max_memory_driven_leverage_amplification,memory_pollution_ratio,total_return,max_drawdown,turnover_events,hold_ratio,mean_gross_target_exposure
glm:glm-5,bearish,fake_violations,0.0,0.85,none,1,0,0.0,0.0,0.0,-0.05933467895486644,-0.05933467895486644,16,0.7916666666666666,0.3145833333333333
glm:glm-5,bearish,fake_violations,0.0,0.85,none,1,1,0.0,0.0,0.0,-0.05945279652358726,-0.06169770413763631,17,0.75,0.3833333333333333
glm:glm-5,bearish,fake_violations,0.0,0.85,none,1,2,0.0,0.0,0.0,-0.040783707885969966,-0.040783707885969966,14,0.75,0.3625
glm:glm-5,bearish,fake_violations,0.0,0.85,none,2,0,0.0,0.0,0.0,-0.08087755052242518,-0.09146430743485379,16,0.7708333333333334,0.31875000000000003
glm:glm-5,bearish,fake_violations,0.0,0.85,none,2,1,0.0,0.0,0.0,-0.11603147413104142,-0.12621331650354772,16,0.7708333333333334,0.33958333333333335
glm:glm-5,bearish,fake_violations,0.0,0.85,none,2,2,0.0,0.0,0.0,-0.11605991704003393,-0.1262414317976902,16,0.7708333333333334,0.3458333333333334
glm:glm-5,bearish,fake_violations,0.0,0.85,none,3,0,0.0,0.0,0.0,-0.09256363809672363,-0.09256363809672363,14,0.7708333333333334,0.3333333333333333
glm:glm-5,bearish,fake_violations,0.0,0.85,none,3,1,0.0,0.0,0.0,-0.11306743181298062,-0.11306743181298062,18,0.75,0.3520833333333333
glm:glm-5,bearish,fake_violations,0.0,0.85,none,3,2,0.0,0.0,0.0,-0.06426949673568594,-0.06426949673568594,13,0.8125,0.28125
glm:glm-5,bearish,fake_violations,0.0,0.85,none,4,0,0.0,0.0,0.0,-0.1382537150664226,-0.1382537150664226,18,0.75,0.35833333333333334
glm:glm-5,bearish,fake_violations,0.0,0.85,none,4,1,0.0,0.0,0.0,-0.14785057255193101,-0.14785057255193101,20,0.7916666666666666,0.325
glm:glm-5,bearish,fake_violations,0.0,0.85,none,4,2,0.0,0.0,0.0,-0.15307000148251437,-0.15307000148251437,17,0.7708333333333334,0.3458333333333334
glm:glm-5,bearish,fake_violations,0.0,0.85,none,5,0,0.0,0.0,0.0,-0.05328726152392915,-0.054111487633803135,7,0.875,0.19375
glm:glm-5,bearish,fake_violations,0.0,0.85,none,5,1,0.0,0.0,0.0,-0.04384158752351652,-0.044674037216764884,6,0.8958333333333334,0.1625
glm:glm-5,bearish,fake_violations,0.0,0.85,none,5,2,0.0,0.0,0.0,-0.05328726152392915,-0.054111487633803135,7,0.875,0.19375
glm:glm-5,bearish,fake_violations,0.0,0.85,none,6,0,0.0,0.0,0.0,-0.07940649285658596,-0.07940649285658596,14,0.8333333333333334,0.22916666666666666
glm:glm-5,bearish,fake_violations,0.0,0.85,none,6,1,0.0,0.0,0.0,-0.09342779530685352,-0.09342779530685352,16,0.8125,0.2708333333333333
glm:glm-5,bearish,fake_violations,0.0,0.85,none,6,2,0.0,0.0,0.0,-0.09342779530685352,-0.09342779530685352,16,0.8125,0.2604166666666667
glm:glm-5,bearish,fake_violations,0.0,0.85,none,7,0,0.0,0.0,0.0,-0.04168584246127571,-0.0427023446786835,8,0.9166666666666666,0.12916666666666668
glm:glm-5,bearish,fake_violations,0.0,0.85,none,7,1,0.0,0.0,0.0,-0.020602345456431803,-0.021641211343714883,5,0.9375,0.09791666666666667
glm:glm-5,bearish,fake_violations,0.0,0.85,none,7,2,0.0,0.0,0.0,-0.06355993445711272,-0.06355993445711272,12,0.8541666666666666,0.22291666666666665
glm:glm-5,bearish,fake_violations,0.0,0.85,none,8,0,0.0,0.0,0.0,-0.1001310067762059,-0.1001310067762059,12,0.8541666666666666,0.2041666666666667
glm:glm-5,bearish,fake_violations,0.0,0.85,none,8,1,0.0,0.0,0.0,-0.1001310067762059,-0.1001310067762059,12,0.8541666666666666,0.2041666666666667
glm:glm-5,bearish,fake_violations,0.0,0.85,none,8,2,0.0,0.0,0.0,-0.113307890545431,-0.113307890545431,14,0.8333333333333334,0.2354166666666667
glm:glm-5,bearish,fake_violations,0.0,0.85,none,9,0,0.0,0.0,0.0,-0.1071025786445502,-0.1071025786445502,12,0.875,0.19583333333333333
glm:glm-5,bearish,fake_violations,0.0,0.85,none,9,1,0.0,0.0,0.0,-0.08394862979348205,-0.08394862979348205,16,0.8541666666666666,0.22708333333333333
glm:glm-5,bearish,fake_violations,0.0,0.85,none,9,2,0.0,0.0,0.0,-0.0922333159331058,-0.0922333159331058,13,0.8333333333333334,0.2520833333333333
glm:glm-5,bearish,fake_violations,0.0,0.85,none,10,0,0.0,0.0,0.0,-0.05504620799308435,-0.05717436740740256,9,0.8333333333333334,0.24375000000000002
glm:glm-5,bearish,fake_violations,0.0,0.85,none,10,1,0.0,0.0,0.0,-0.11459506820021259,-0.11658911580024556,15,0.7916666666666666,0.3125
glm:glm-5,bearish,fake_violations,0.0,0.85,none,10,2,0.0,0.0,0.0,-0.07326892268653229,-0.07535604216624492,12,0.7916666666666666,0.2854166666666667
glm:glm-5,bearish,fake_violations,0.0,0.85,none,11,0,0.0,0.0,0.0,-0.07826101484988834,-0.07952173019646724,12,0.8125,0.28750000000000003
glm:glm-5,bearish,fake_violations,0.0,0.85,none,11,1,0.0,0.0,0.0,-0.062027735533460526,-0.062027735533460526,10,0.8541666666666666,0.225
glm:glm-5,bearish,fake_violations,0.0,0.85,none,11,2,0.0,0.0,0.0,-0.07262485300055765,-0.07389327724938954,13,0.8333333333333334,0.25625000000000003
glm:glm-5,bearish,fake_violations,0.0,0.85,none,12,0,0.0,0.0,0.0,-0.08469235489052251,-0.08469235489052251,9,0.8541666666666666,0.2041666666666667
glm:glm-5,bearish,fake_violations,0.0,0.85,none,12,1,0.0,0.0,0.0,-0.10332221353919002,-0.10332221353919002,11,0.875,0.18125
glm:glm-5,bearish,fake_violations,0.0,0.85,none,12,2,0.0,0.0,0.0,-0.11214541880418027,-0.11214541880418027,11,0.8541666666666666,0.22291666666666665
glm:glm-5,bearish,fake_violations,0.0,0.85,none,13,0,0.0,0.0,0.0,-0.07245229814961218,-0.07245229814961218,12,0.875,0.16458333333333333
glm:glm-5,bearish,fake_violations,0.0,0.85,none,13,1,0.0,0.0,0.0,-0.04745063316878795,-0.04745063316878795,8,0.8958333333333334,0.15
glm:glm-5,bearish,fake_violations,0.0,0.85,none,13,2,0.0,0.0,0.0,-0.05455383289957072,-0.05455383289957072,9,0.8958333333333334,0.15
glm:glm-5,bearish,fake_violations,0.0,0.85,none,14,0,0.0,0.0,0.0,-0.09586342092350386,-0.09586342092350386,13,0.8541666666666666,0.19999999999999998
glm:glm-5,bearish,fake_violations,0.0,0.85,none,14,1,0.0,0.0,0.0,-0.08353204499904443,-0.08353204499904443,14,0.8541666666666666,0.18958333333333335
glm:glm-5,bearish,fake_violations,0.0,0.85,none,14,2,0.0,0.0,0.0,-0.08795380974912681,-0.08795380974912681,12,0.875,0.18125
glm:glm-5,bearish,fake_violations,0.0,0.85,none,15,0,0.0,0.0,0.0,-0.08463787214267982,-0.08463787214267982,11,0.8541666666666666,0.21458333333333335
glm:glm-5,bearish,fake_violations,0.0,0.85,none,15,1,0.0,0.0,0.0,-0.09996952266334524,-0.09996952266334524,13,0.8125,0.27499999999999997
glm:glm-5,bearish,fake_violations,0.0,0.85,none,15,2,0.0,0.0,0.0,-0.06012081683781678,-0.06012081683781678,11,0.8125,0.27499999999999997
glm:glm-5,bearish,fake_violations,0.0,0.85,none,16,0,0.0,0.0,0.0,-0.07977272196242502,-0.07977272196242502,10,0.9166666666666666,0.13125
glm:glm-5,bearish,fake_violations,0.0,0.85,none,16,1,0.0,0.0,0.0,-0.07075712341934948,-0.07075712341934948,10,0.8958333333333334,0.1625
glm:glm-5,bearish,fake_violations,0.0,0.85,none,16,2,0.0,0.0,0.0,-0.06801636101235997,-0.06801636101235997,11,0.875,0.18333333333333335
glm:glm-5,bearish,fake_violations,0.0,0.85,none,17,0,0.0,0.0,0.0,-0.17539290633957139,-0.17539290633957139,17,0.8125,0.2708333333333333
glm:glm-5,bearish,fake_violations,0.0,0.85,none,17,1,0.0,0.0,0.0,-0.17651919470058464,-0.17651919470058464,17,0.8125,0.2833333333333334
glm:glm-5,bearish,fake_violations,0.0,0.85,none,17,2,0.0,0.0,0.0,-0.19430310167195075,-0.19430310167195075,17,0.8125,0.28125
glm:glm-5,bearish,fake_violations,0.0,0.85,none,18,0,0.0,0.0,0.0,-0.11845611958195279,-0.11845611958195279,14,0.8125,0.2791666666666667
glm:glm-5,bearish,fake_violations,0.0,0.85,none,18,1,0.0,0.0,0.0,-0.06284074623739555,-0.06284074623739555,10,0.8541666666666666,0.21458333333333335
glm:glm-5,bearish,fake_violations,0.0,0.85,none,18,2,0.0,0.0,0.0,-0.10561135312297698,-0.10561135312297698,12,0.8333333333333334,0.25833333333333336
glm:glm-5,bearish,fake_violations,0.0,0.85,none,19,0,0.0,0.0,0.0,-0.1869289847349892,-0.1869289847349892,17,0.8125,0.27499999999999997
glm:glm-5,bearish,fake_violations,0.0,0.85,none,19,1,0.0,0.0,0.0,-0.17730492640687157,-0.17730492640687157,17,0.8333333333333334,0.24375000000000002
glm:glm-5,bearish,fake_violations,0.0,0.85,none,19,2,0.0,0.0,0.0,-0.15944155415171435,-0.15944155415171435,17,0.8125,0.2541666666666667
glm:glm-5,bearish,fake_violations,0.0,0.85,none,20,0,0.0,0.0,0.0,-0.15766712042824071,-0.15766712042824071,22,0.6875,0.45416666666666666
glm:glm-5,bearish,fake_violations,0.0,0.85,none,20,1,0.0,0.0,0.0,-0.1490877070314276,-0.1490877070314276,21,0.7083333333333334,0.44166666666666665
glm:glm-5,bearish,fake_violations,0.0,0.85,none,20,2,0.0,0.0,0.0,-0.09787016637665069,-0.09787016637665069,22,0.7291666666666666,0.40625
glm:glm-5,bearish,fake_violations,0.0,0.85,none,21,0,0.0,0.0,0.0,-0.141452965455935,-0.14393622831468889,18,0.8125,0.2791666666666667
glm:glm-5,bearish,fake_violations,0.0,0.85,none,21,1,0.0,0.0,0.0,-0.06522657156396061,-0.06793031177013098,10,0.875,0.19791666666666666
glm:glm-5,bearish,fake_violations,0.0,0.85,none,21,2,0.0,0.0,0.0,-0.11644720779103779,-0.11900279734450459,15,0.8125,0.2854166666666667
glm:glm-5,bearish,fake_violations,0.0,0.85,none,22,0,0.0,0.0,0.0,-0.14800490120274934,-0.14800490120274934,13,0.8333333333333334,0.24583333333333335
glm:glm-5,bearish,fake_violations,0.0,0.85,none,22,1,0.0,0.0,0.0,-0.1366528208322605,-0.14130268598253004,13,0.8333333333333334,0.24583333333333335
glm:glm-5,bearish,fake_violations,0.0,0.85,none,22,2,0.0,0.0,0.0,-0.1410735868447358,-0.1410735868447358,14,0.8541666666666666,0.21458333333333335
glm:glm-5,bearish,fake_violations,0.0,0.85,none,23,0,0.0,0.0,0.0,-0.08115796949032184,-0.08115796949032184,14,0.8125,0.28958333333333336
glm:glm-5,bearish,fake_violations,0.0,0.85,none,23,1,0.0,0.0,0.0,-0.06479603312787507,-0.06479603312787507,12,0.8333333333333334,0.2354166666666667
glm:glm-5,bearish,fake_violations,0.0,0.85,none,23,2,0.0,0.0,0.0,-0.062171900396528534,-0.062171900396528534,11,0.8541666666666666,0.21875
glm:glm-5,bearish,fake_violations,0.0,0.85,none,24,0,0.0,0.0,0.0,-0.06658327429968147,-0.06658327429968147,8,0.8958333333333334,0.16041666666666668
glm:glm-5,bearish,fake_violations,0.0,0.85,none,24,1,0.0,0.0,0.0,-0.11325386393150139,-0.11325386393150139,15,0.8125,0.26458333333333334
glm:glm-5,bearish,fake_violations,0.0,0.85,none,24,2,0.0,0.0,0.0,-0.06336681923951426,-0.06336681923951426,12,0.8541666666666666,0.2125
glm:glm-5,bearish,fake_violations,0.0,0.85,none,25,0,0.0,0.0,0.0,-0.06338404076319903,-0.06338404076319903,8,0.8958333333333334,0.16666666666666666
glm:glm-5,bearish,fake_violations,0.0,0.85,none,25,1,0.0,0.0,0.0,-0.10360063946260545,-0.10360063946260545,12,0.8541666666666666,0.22708333333333333
glm:glm-5,bearish,fake_violations,0.0,0.85,none,25,2,0.0,0.0,0.0,-0.06338404076319903,-0.06338404076319903,8,0.8958333333333334,0.16666666666666666
glm:glm-5,bearish,fake_violations,0.0,0.85,none,26,0,0.0,0.0,0.0,-0.09946524385395406,-0.10856619269251055,11,0.8541666666666666,0.22291666666666665
glm:glm-5,bearish,fake_violations,0.0,0.85,none,26,1,0.0,0.0,0.0,-0.12436798448503195,-0.13321723793404494,11,0.8541666666666666,0.225
glm:glm-5,bearish,fake_violations,0.0,0.85,none,26,2,0.0,0.0,0.0,-0.07838634589112636,-0.08770034310092134,9,0.875,0.19166666666666665
glm:glm-5,bearish,fake_violations,0.0,0.85,none,27,0,0.0,0.0,0.0,-0.05718364183741653,-0.05718364183741653,8,0.9166666666666666,0.11666666666666665
glm:glm-5,bearish,fake_violations,0.0,0.85,none,27,1,0.0,0.0,0.0,-0.05718364183741653,-0.05718364183741653,8,0.9166666666666666,0.10625
glm:glm-5,bearish,fake_violations,0.0,0.85,none,27,2,0.0,0.0,0.0,-0.05897845661771495,-0.05897845661771495,6,0.9166666666666666,0.12916666666666668
glm:glm-5,bearish,fake_violations,0.0,0.85,none,28,0,0.0,0.0,0.0,-0.11555088930106616,-0.12545098454922177,18,0.75,0.3666666666666667
glm:glm-5,bearish,fake_violations,0.0,0.85,none,28,1,0.0,0.0,0.0,-0.14121673945979607,-0.15082954360423229,19,0.75,0.38958333333333334
glm:glm-5,bearish,fake_violations,0.0,0.85,none,28,2,0.0,0.0,0.0,-0.15081303566702509,-0.16031842351658143,20,0.75,0.3770833333333334
glm:glm-5,bearish,fake_violations,0.0,0.85,none,29,0,0.0,0.0,0.0,-0.1447469691702118,-0.1447469691702118,18,0.8125,0.28958333333333336
glm:glm-5,bearish,fake_violations,0.0,0.85,none,29,1,0.0,0.0,0.0,-0.1538639256608636,-0.1538639256608636,20,0.7916666666666666,0.3104166666666667
glm:glm-5,bearish,fake_violations,0.0,0.85,none,29,2,0.0,0.0,0.0,-0.1447469691702118,-0.1447469691702118,18,0.7916666666666666,0.3104166666666667
glm:glm-5,bearish,fake_violations,0.0,0.85,none,30,0,0.0,0.0,0.0,-0.04085507183091186,-0.04381071176801521,7,0.8541666666666666,0.2125
glm:glm-5,bearish,fake_violations,0.0,0.85,none,30,1,0.0,0.0,0.0,-0.06453582652418666,-0.0673939482341468,12,0.8125,0.25833333333333336
glm:glm-5,bearish,fake_violations,0.0,0.85,none,30,2,0.0,0.0,0.0,-0.03987894271484782,-0.03987894271484782,10,0.8541666666666666,0.225
glm:glm-5,bearish,fake_violations,0.75,0.85,none,1,0,0.0,0.0,0.0,-0.059733136275183174,-0.059733136275183174,20,0.7291666666666666,0.3958333333333333
glm:glm-5,bearish,fake_violations,0.75,0.85,none,1,1,0.0,0.0,0.0,-0.040869769331569716,-0.040869769331569716,13,0.7916666666666666,0.32083333333333336
glm:glm-5,bearish,fake_violations,0.75,0.85,none,1,2,0.0,0.0,0.0,-0.054125857322990245,-0.054125857322990245,13,0.7916666666666666,0.31875000000000003
glm:glm-5,bearish,fake_violations,0.75,0.85,none,2,0,0.0,0.0,0.0,-0.13085674900810695,-0.140867828952416,18,0.75,0.3645833333333333
glm:glm-5,bearish,fake_violations,0.75,0.85,none,2,1,0.0,0.0,0.0,-0.08964451493088477,-0.10013029104243631,18,0.75,0.3541666666666667
glm:glm-5,bearish,fake_violations,0.75,0.85,none,2,2,0.0,0.0,0.0,-0.10880742482439698,-0.11907247619041261,14,0.7916666666666666,0.3125
glm:glm-5,bearish,fake_violations,0.75,0.85,none,3,0,0.0,0.0,0.0,-0.09481647432567364,-0.09481647432567364,15,0.7916666666666666,0.3020833333333333
glm:glm-5,bearish,fake_violations,0.75,0.85,none,3,1,0.0,0.0,0.0,-0.10850291505794218,-0.10850291505794218,17,0.7708333333333334,0.33125
glm:glm-5,bearish,fake_violations,0.75,0.85,none,3,2,0.0,0.0,0.0,-0.09508569280244672,-0.09508569280244672,16,0.7708333333333334,0.33125
glm:glm-5,bearish,fake_violations,0.75,0.85,none,4,0,0.0,0.0,0.0,-0.14905275914036542,-0.15547040517355037,18,0.75,0.3729166666666666
glm:glm-5,bearish,fake_violations,0.75,0.85,none,4,1,0.0,0.0,0.0,-0.14823041240703094,-0.15533449944058486,19,0.75,0.37083333333333335
glm:glm-5,bearish,fake_violations,0.75,0.85,none,4,2,0.0,0.0,0.0,-0.12366394307431239,-0.12366394307431239,15,0.8125,0.28958333333333336
glm:glm-5,bearish,fake_violations,0.75,0.85,none,5,0,0.0,0.0,0.0,-0.047741043611240874,-0.05028601844949232,8,0.875,0.18333333333333335
glm:glm-5,bearish,fake_violations,0.75,0.85,none,5,1,0.0,0.0,0.0,-0.08603689011475812,-0.08848122693945482,10,0.8541666666666666,0.21458333333333335
glm:glm-5,bearish,fake_violations,0.75,0.85,none,5,2,0.0,0.0,0.0,-0.05546533075379967,-0.05799001840498952,9,0.8541666666666666,0.2125
glm:glm-5,bearish,fake_violations,0.75,0.85,none,6,0,0.0,0.0,0.0,-0.07920609069909779,-0.07920609069909779,12,0.8125,0.25833333333333336
glm:glm-5,bearish,fake_violations,0.75,0.85,none,6,1,0.0,0.0,0.0,-0.08451643522222918,-0.08451643522222918,14,0.8333333333333334,0.23958333333333334
glm:glm-5,bearish,fake_violations,0.75,0.85,none,6,2,0.0,0.0,0.0,-0.11191391503986237,-0.11191391503986237,18,0.7916666666666666,0.2916666666666667
glm:glm-5,bearish,fake_violations,0.75,0.85,none,7,0,0.0,0.0,0.0,-0.06408699276440788,-0.06408699276440788,13,0.8541666666666666,0.21458333333333335
glm:glm-5,bearish,fake_violations,0.75,0.85,none,7,1,0.0,0.0,0.0,-0.04082147253209023,-0.04082147253209023,10,0.8958333333333334,0.16041666666666668
glm:glm-5,bearish,fake_violations,0.75,0.85,none,7,2,0.0,0.0,0.0,-0.05764591833584187,-0.05764591833584187,14,0.8541666666666666,0.21041666666666667
glm:glm-5,bearish,fake_violations,0.75,0.85,none,8,0,0.0,0.0,0.0,-0.10214416367714341,-0.10214416367714341,12,0.8541666666666666,0.20625000000000002
glm:glm-5,bearish,fake_violations,0.75,0.85,none,8,1,0.0,0.0,0.0,-0.11141553252593062,-0.11141553252593062,15,0.8333333333333334,0.2354166666666667
glm:glm-5,bearish,fake_violations,0.75,0.85,none,8,2,0.0,0.0,0.0,-0.11529157639186993,-0.11529157639186993,14,0.8333333333333334,0.23750000000000002
glm:glm-5,bearish,fake_violations,0.75,0.85,none,9,0,0.0,0.0,0.0,-0.1132374623110578,-0.1132374623110578,11,0.8958333333333334,0.16458333333333333
glm:glm-5,bearish,fake_violations,0.75,0.85,none,9,1,0.0,0.0,0.0,-0.10370915400720482,-0.10370915400720482,12,0.8541666666666666,0.22708333333333333
glm:glm-5,bearish,fake_violations,0.75,0.85,none,9,2,0.0,0.0,0.0,-0.10415404061903566,-0.10415404061903566,12,0.875,0.19583333333333333
glm:glm-5,bearish,fake_violations,0.75,0.85,none,10,0,0.0,0.0,0.0,-0.08337757845719518,-0.08544193192323979,20,0.75,0.36041666666666666
glm:glm-5,bearish,fake_violations,0.75,0.85,none,10,1,0.0,0.0,0.0,-0.11091429007523601,-0.11291662726856444,17,0.75,0.36874999999999997
glm:glm-5,bearish,fake_violations,0.75,0.85,none,10,2,0.0,0.0,0.0,-0.09724459289904608,-0.09927771603659996,15,0.7916666666666666,0.28958333333333336
glm:glm-5,bearish,fake_violations,0.75,0.85,none,11,0,0.0,0.0,0.0,-0.07631781418713302,-0.07758118736085884,10,0.8125,0.2791666666666667
glm:glm-5,bearish,fake_violations,0.75,0.85,none,11,1,0.0,0.0,0.0,-0.07262485300055765,-0.07389327724938954,13,0.8333333333333334,0.25625000000000003
glm:glm-5,bearish,fake_violations,0.75,0.85,none,11,2,0.0,0.0,0.0,-0.07262485300055765,-0.07389327724938954,13,0.8333333333333334,0.25625000000000003
glm:glm-5,bearish,fake_violations,0.75,0.85,none,12,0,0.0,0.0,0.0,-0.08840749108203405,-0.08840749108203405,11,0.875,0.19166666666666665
glm:glm-5,bearish,fake_violations,0.75,0.85,none,12,1,0.0,0.0,0.0,-0.10446334032394067,-0.10446334032394067,9,0.875,0.18333333333333335
glm:glm-5,bearish,fake_violations,0.75,0.85,none,12,2,0.0,0.0,0.0,-0.11491014956759493,-0.11491014956759493,12,0.875,0.19166666666666665
glm:glm-5,bearish,fake_violations,0.75,0.85,none,13,0,0.0,0.0,0.0,-0.11210358743818272,-0.11210358743818272,13,0.8541666666666666,0.19999999999999998
glm:glm-5,bearish,fake_violations,0.75,0.85,none,13,1,0.0,0.0,0.0,-0.09086581293951346,-0.09086581293951346,12,0.8541666666666666,0.19999999999999998
glm:glm-5,bearish,fake_violations,0.75,0.85,none,13,2,0.0,0.0,0.0,-0.0564264004890479,-0.0564264004890479,8,0.8958333333333334,0.15833333333333333
glm:glm-5,bearish,fake_violations,0.75,0.85,none,14,0,0.0,0.0,0.0,-0.07875270713650895,-0.07875270713650895,12,0.875,0.15833333333333335
glm:glm-5,bearish,fake_violations,0.75,0.85,none,14,1,0.0,0.0,0.0,-0.10361864391308273,-0.10361864391308273,14,0.8541666666666666,0.20000000000000004
glm:glm-5,bearish,fake_violations,0.75,0.85,none,14,2,0.0,0.0,0.0,-0.08095470543522909,-0.08095470543522909,12,0.875,0.1708333333333333
glm:glm-5,bearish,fake_violations,0.75,0.85,none,15,0,0.0,0.0,0.0,-0.0895767619507547,-0.0895767619507547,9,0.875,0.19166666666666665
glm:glm-5,bearish,fake_violations,0.75,0.85,none,15,1,0.0,0.0,0.0,-0.08470055179639113,-0.08470055179639113,11,0.8541666666666666,0.22291666666666665
glm:glm-5,bearish,fake_violations,0.75,0.85,none,15,2,0.0,0.0,0.0,-0.08470055179639113,-0.08470055179639113,11,0.8333333333333334,0.2333333333333333
glm:glm-5,bearish,fake_violations,0.75,0.85,none,16,0,0.0,0.0,0.0,-0.07720744795251278,-0.07720744795251278,13,0.875,0.19375
glm:glm-5,bearish,fake_violations,0.75,0.85,none,16,1,0.0,0.0,0.0,-0.07720744795251278,-0.07720744795251278,13,0.875,0.19375
glm:glm-5,bearish,fake_violations,0.75,0.85,none,16,2,0.0,0.0,0.0,-0.07705852938816926,-0.07705852938816926,9,0.8958333333333334,0.15208333333333335
glm:glm-5,bearish,fake_violations,0.75,0.85,none,17,0,0.0,0.0,0.0,-0.19198445710811252,-0.19198445710811252,17,0.8333333333333334,0.2604166666666667
glm:glm-5,bearish,fake_violations,0.75,0.85,none,17,1,0.0,0.0,0.0,-0.19309298266216968,-0.19309298266216968,17,0.8125,0.2916666666666667
glm:glm-5,bearish,fake_violations,0.75,0.85,none,17,2,0.0,0.0,0.0,-0.19603110621919617,-0.19603110621919617,19,0.8125,0.2833333333333334
glm:glm-5,bearish,fake_violations,0.75,0.85,none,18,0,0.0,0.0,0.0,-0.09249350662022426,-0.09249350662022426,10,0.8541666666666666,0.225
glm:glm-5,bearish,fake_violations,0.75,0.85,none,18,1,0.0,0.0,0.0,-0.059388907624133624,-0.059388907624133624,8,0.875,0.19375
glm:glm-5,bearish,fake_violations,0.75,0.85,none,18,2,0.0,0.0,0.0,-0.13480390957565458,-0.13480390957565458,14,0.7916666666666666,0.30833333333333335
glm:glm-5,bearish,fake_violations,0.75,0.85,none,19,0,0.0,0.0,0.0,-0.1715822338883919,-0.1715822338883919,14,0.8125,0.27499999999999997
glm:glm-5,bearish,fake_violations,0.75,0.85,none,19,1,0.0,0.0,0.0,-0.12923758157357113,-0.12923758157357113,10,0.8958333333333334,0.16041666666666668
glm:glm-5,bearish,fake_violations,0.75,0.85,none,19,2,0.0,0.0,0.0,-0.1573967215535781,-0.1573967215535781,14,0.8333333333333334,0.23750000000000002
glm:glm-5,bearish,fake_violations,0.75,0.85,none,20,0,0.0,0.0,0.0,-0.13070238595986838,-0.13070238595986838,23,0.7083333333333334,0.42083333333333334
glm:glm-5,bearish,fake_violations,0.75,0.85,none,20,1,0.0,0.0,0.0,-0.08500850105527391,-0.08500850105527391,18,0.7708333333333334,0.35833333333333334
glm:glm-5,bearish,fake_violations,0.75,0.85,none,20,2,0.0,0.0,0.0,-0.1327550487922492,-0.1327550487922492,21,0.7291666666666666,0.4083333333333334
glm:glm-5,bearish,fake_violations,0.75,0.85,none,21,0,0.0,0.0,0.0,-0.1424594167183909,-0.1449397685158531,17,0.8125,0.2916666666666667
glm:glm-5,bearish,fake_violations,0.75,0.85,none,21,1,0.0,0.0,0.0,-0.14293477966296197,-0.14541375651985933,13,0.8333333333333334,0.2604166666666667
glm:glm-5,bearish,fake_violations,0.75,0.85,none,21,2,0.0,0.0,0.0,-0.11163902976905316,-0.11420852650456104,15,0.8125,0.2791666666666667
glm:glm-5,bearish,fake_violations,0.75,0.85,none,22,0,0.0,0.0,0.0,-0.1455891351604598,-0.1455891351604598,13,0.8333333333333334,0.24375
glm:glm-5,bearish,fake_violations,0.75,0.85,none,22,1,0.0,0.0,0.0,-0.13607985366381092,-0.14073280473378136,11,0.8541666666666666,0.2125
glm:glm-5,bearish,fake_violations,0.75,0.85,none,22,2,0.0,0.0,0.0,-0.13863802426199168,-0.13863802426199168,14,0.8541666666666666,0.2125
glm:glm-5,bearish,fake_violations,0.75,0.85,none,23,0,0.0,0.0,0.0,-0.10133159188998153,-0.10133159188998153,19,0.75,0.38125000000000003
glm:glm-5,bearish,fake_violations,0.75,0.85,none,23,1,0.0,0.0,0.0,-0.0778568577267228,-0.0778568577267228,14,0.8125,0.28541666666666665
glm:glm-5,bearish,fake_violations,0.75,0.85,none,23,2,0.0,0.0,0.0,-0.0831996555837905,-0.0831996555837905,14,0.8125,0.28750000000000003
glm:glm-5,bearish,fake_violations,0.75,0.85,none,24,0,0.0,0.0,0.0,-0.06115359453581737,-0.06115359453581737,6,0.9166666666666666,0.12916666666666668
glm:glm-5,bearish,fake_violations,0.75,0.85,none,24,1,0.0,0.0,0.0,-0.059491608324769074,-0.059491608324769074,6,0.9166666666666666,0.12916666666666668
glm:glm-5,bearish,fake_violations,0.75,0.85,none,24,2,0.0,0.0,0.0,-0.050425891770558784,-0.050425891770558784,8,0.875,0.18125
glm:glm-5,bearish,fake_violations,0.75,0.85,none,25,0,0.0,0.0,0.0,-0.0737690503735503,-0.0737690503735503,10,0.8541666666666666,0.22708333333333333
glm:glm-5,bearish,fake_violations,0.75,0.85,none,25,1,0.0,0.0,0.0,-0.07331385198243845,-0.07331385198243845,10,0.875,0.18541666666666667
glm:glm-5,bearish,fake_violations,0.75,0.85,none,25,2,0.0,0.0,0.0,-0.06883296382265514,-0.06883296382265514,11,0.8541666666666666,0.21041666666666667
glm:glm-5,bearish,fake_violations,0.75,0.85,none,26,0,0.0,0.0,0.0,-0.04800925360272956,-0.05763027951786015,7,0.8958333333333334,0.15
glm:glm-5,bearish,fake_violations,0.75,0.85,none,26,1,0.0,0.0,0.0,-0.12344261970861614,-0.13230122592066818,11,0.8541666666666666,0.22291666666666665
glm:glm-5,bearish,fake_violations,0.75,0.85,none,26,2,0.0,0.0,0.0,-0.12344261970861614,-0.13230122592066818,11,0.8541666666666666,0.22291666666666665
glm:glm-5,bearish,fake_violations,0.75,0.85,none,27,0,0.0,0.0,0.0,-0.05718364183741653,-0.05718364183741653,8,0.8958333333333334,0.13749999999999998
glm:glm-5,bearish,fake_violations,0.75,0.85,none,27,1,0.0,0.0,0.0,-0.05718364183741653,-0.05718364183741653,8,0.9166666666666666,0.11666666666666665
glm:glm-5,bearish,fake_violations,0.75,0.85,none,27,2,0.0,0.0,0.0,-0.06571063250855103,-0.06571063250855103,10,0.875,0.18125
glm:glm-5,bearish,fake_violations,0.75,0.85,none,28,0,0.0,0.0,0.0,-0.16063564987213952,-0.17003108813269152,20,0.7291666666666666,0.4083333333333334
glm:glm-5,bearish,fake_violations,0.75,0.85,none,28,1,0.0,0.0,0.0,-0.10554609525147185,-0.11555817932163082,17,0.7708333333333334,0.34375
glm:glm-5,bearish,fake_violations,0.75,0.85,none,28,2,0.0,0.0,0.0,-0.10812168794115262,-0.11810494207339906,19,0.7708333333333334,0.3458333333333334
glm:glm-5,bearish,fake_violations,0.75,0.85,none,29,0,0.0,0.0,0.0,-0.15498124158019122,-0.15498124158019122,19,0.7708333333333334,0.32708333333333334
glm:glm-5,bearish,fake_violations,0.75,0.85,none,29,1,0.0,0.0,0.0,-0.14716450278266624,-0.14716450278266624,19,0.8125,0.2916666666666667
glm:glm-5,bearish,fake_violations,0.75,0.85,none,29,2,0.0,0.0,0.0,-0.15282412616242247,-0.15282412616242247,20,0.7708333333333334,0.33125
glm:glm-5,bearish,fake_violations,0.75,0.85,none,30,0,0.0,0.0,0.0,-0.07691673061083493,-0.07691673061083493,8,0.8541666666666666,0.225
glm:glm-5,bearish,fake_violations,0.75,0.85,none,30,1,0.0,0.0,0.0,-0.07972195731861575,-0.07972195731861575,11,0.8125,0.26875
glm:glm-5,bearish,fake_violations,0.75,0.85,none,30,2,0.0,0.0,0.0,-0.04219373886782163,-0.04219373886782163,6,0.875,0.18541666666666667
