agent,kind,dose,decay,risk,seed,sample,memory_driven_leverage_amplification,max_memory_driven_leverage_amplification,memory_pollution_ratio,total_return,max_drawdown,turnover_events,hold_ratio,mean_gross_target_exposure
glm:glm-5,fake_violations,0.0,0.85,none,1,0,0.0,0.0,0.0,0.3261135429234916,-0.0017800111219306025,30,0.10416666666666667,1.3458333333333334
glm:glm-5,fake_violations,0.0,0.85,none,1,1,0.0,0.0,0.0,0.3184178946204508,-0.0017800111219306025,23,0.08333333333333333,1.3833333333333335
glm:glm-5,fake_violations,0.0,0.85,none,1,2,0.0,0.0,0.0,0.38726832660890254,-0.0017800111219306025,14,0.0625,1.4375
glm:glm-5,fake_violations,0.0,0.85,none,2,0,0.0,0.0,0.0,0.3359355809696758,-0.0016774184061485453,21,0.125,1.366666666666667
glm:glm-5,fake_violations,0.0,0.85,none,2,1,0.0,0.0,0.0,0.3600503367000405,-0.0016774184061485453,25,0.08333333333333333,1.4187500000000002
glm:glm-5,fake_violations,0.0,0.85,none,2,2,0.0,0.0,0.0,0.3673631429299875,-0.0016774184061485453,24,0.10416666666666667,1.3916666666666666
glm:glm-5,fake_violations,0.0,0.85,none,3,0,0.0,0.0,0.0,0.3009095598422651,-0.008544113480126514,28,0.14583333333333334,1.2770833333333333
glm:glm-5,fake_violations,0.0,0.85,none,3,1,0.0,0.0,0.0,0.3038826870750104,-0.008545560611595615,21,0.14583333333333334,1.2770833333333333
glm:glm-5,fake_violations,0.0,0.85,none,3,2,0.0,0.0,0.0,0.30215132586795423,-0.008545560611595615,22,0.14583333333333334,1.3166666666666667
glm:glm-5,fake_violations,0.0,0.85,none,4,0,0.0,0.0,0.0,0.3567681127514253,-0.006725527694464883,26,0.10416666666666667,1.3166666666666667
glm:glm-5,fake_violations,0.0,0.85,none,4,1,0.0,0.0,0.0,0.3545687036955609,-0.005878780799170591,26,0.125,1.2979166666666668
glm:glm-5,fake_violations,0.0,0.85,none,4,2,0.0,0.0,0.0,0.34555493664092074,-0.006526201197616044,25,0.125,1.3
glm:glm-5,fake_violations,0.0,0.85,none,5,0,0.0,0.0,0.0,0.31458961065923363,-0.0016453690283553257,19,0.10416666666666667,1.3479166666666667
glm:glm-5,fake_violations,0.0,0.85,none,5,1,0.0,0.0,0.0,0.31572709820554157,-0.0016453690283553257,19,0.10416666666666667,1.3875000000000002
glm:glm-5,fake_violations,0.0,0.85,none,5,2,0.0,0.0,0.0,0.3061578007062009,-0.0016453690283553257,23,0.125,1.29375
glm:glm-5,fake_violations,0.0,0.85,none,6,0,0.0,0.0,0.0,0.3425636879891707,-0.007580304448979613,8,0.041666666666666664,1.4729166666666667
glm:glm-5,fake_violations,0.0,0.85,none,6,1,0.0,0.0,0.0,0.33979059208310036,-0.0075837380531951215,8,0.041666666666666664,1.46875
glm:glm-5,fake_violations,0.0,0.85,none,6,2,0.0,0.0,0.0,0.3425584565339732,-0.0075837380531951215,8,0.0625,1.4375
glm:glm-5,fake_violations,0.0,0.85,none,7,0,0.0,0.0,0.0,0.28939073098683865,-0.0011797386560000733,21,0.16666666666666666,1.2520833333333334
glm:glm-5,fake_violations,0.0,0.85,none,7,1,0.0,0.0,0.0,0.29729325445142507,-0.0011797386560000733,21,0.16666666666666666,1.2895833333333335
glm:glm-5,fake_violations,0.0,0.85,none,7,2,0.0,0.0,0.0,0.2755021221135683,-0.0032895222806470503,25,0.16666666666666666,1.2583333333333335
glm:glm-5,fake_violations,0.0,0.85,none,8,0,0.0,0.0,0.0,0.2839867809574548,-0.0022483375215635037,27,0.125,1.3416666666666668
glm:glm-5,fake_violations,0.0,0.85,none,8,1,0.0,0.0,0.0,0.2633487657971383,-0.002407131887996905,26,0.125,1.3687500000000001
glm:glm-5,fake_violations,0.0,0.85,none,8,2,0.0,0.0,0.0,0.2665620757605547,-0.002129207809914546,27,0.125,1.3645833333333333
glm:glm-5,fake_violations,0.0,0.85,none,9,0,0.0,0.0,0.0,0.28835732202947684,-0.013701090654437809,20,0.125,1.3479166666666667
glm:glm-5,fake_violations,0.0,0.85,none,9,1,0.0,0.0,0.0,0.2928996100814727,-0.015755771082895276,22,0.16666666666666666,1.29375
glm:glm-5,fake_violations,0.0,0.85,none,9,2,0.0,0.0,0.0,0.26725371509469764,-0.015755771082895276,22,0.14583333333333334,1.31875
glm:glm-5,fake_violations,0.0,0.85,none,10,0,0.0,0.0,0.0,0.3201668253899246,-0.013821297211463746,28,0.125,1.3520833333333335
glm:glm-5,fake_violations,0.0,0.85,none,10,1,0.0,0.0,0.0,0.3120099384293613,-0.013679277052062622,19,0.125,1.3604166666666666
glm:glm-5,fake_violations,0.0,0.85,none,10,2,0.0,0.0,0.0,0.31090977229117933,-0.013679277052062622,18,0.14583333333333334,1.3270833333333334
glm:glm-5,fake_violations,0.0,0.85,none,11,0,0.0,0.0,0.0,0.38758267729535234,-0.002373406324670535,20,0.08333333333333333,1.4312500000000001
glm:glm-5,fake_violations,0.0,0.85,none,11,1,0.0,0.0,0.0,0.38401870952714035,-0.002373406324670535,21,0.08333333333333333,1.4104166666666667
glm:glm-5,fake_violations,0.0,0.85,none,11,2,0.0,0.0,0.0,0.3938212079774046,-0.002373406324670535,19,0.08333333333333333,1.4458333333333335
glm:glm-5,fake_violations,0.0,0.85,none,12,0,0.0,0.0,0.0,0.34776705586565315,-0.001134987415517541,23,0.1875,1.2604166666666667
glm:glm-5,fake_violations,0.0,0.85,none,12,1,0.0,0.0,0.0,0.34751975435699767,-0.001134987415517541,20,0.1875,1.2833333333333334
glm:glm-5,fake_violations,0.0,0.85,none,12,2,0.0,0.0,0.0,0.3395506618646271,-0.001134987415517541,12,0.14583333333333334,1.3229166666666667
glm:glm-5,fake_violations,0.0,0.85,none,13,0,0.0,0.0,0.0,0.3004977553406858,-0.0010074420483781044,13,0.125,1.33125
glm:glm-5,fake_violations,0.0,0.85,none,13,1,0.0,0.0,0.0,0.3017645031604821,-0.0010074420483781044,19,0.125,1.3166666666666667
glm:glm-5,fake_violations,0.0,0.85,none,13,2,0.0,0.0,0.0,0.30132745008490125,-0.0010074420483781044,21,0.14583333333333334,1.3145833333333334
glm:glm-5,fake_violations,0.0,0.85,none,14,0,0.0,0.0,0.0,0.31561682752993026,-0.0015152768394963712,18,0.10416666666666667,1.3958333333333333
glm:glm-5,fake_violations,0.0,0.85,none,14,1,0.0,0.0,0.0,0.311384451786773,-0.0015152768394963712,20,0.125,1.3562500000000002
glm:glm-5,fake_violations,0.0,0.85,none,14,2,0.0,0.0,0.0,0.31254466543866166,-0.0015152768394963712,22,0.125,1.3333333333333333
glm:glm-5,fake_violations,0.0,0.85,none,15,0,0.0,0.0,0.0,0.39037542443310524,-0.0032464828910538923,19,0.16666666666666666,1.26875
glm:glm-5,fake_violations,0.0,0.85,none,15,1,0.0,0.0,0.0,0.38657491939531874,-0.0032464828910538923,22,0.1875,1.2354166666666668
glm:glm-5,fake_violations,0.0,0.85,none,15,2,0.0,0.0,0.0,0.37950864821921737,-0.0033621467397374483,24,0.16666666666666666,1.2770833333333333
glm:glm-5,fake_violations,0.0,0.85,none,16,0,0.0,0.0,0.0,0.35352503196215346,-0.0025032852390417526,17,0.10416666666666667,1.3541666666666667
glm:glm-5,fake_violations,0.0,0.85,none,16,1,0.0,0.0,0.0,0.3375375491643331,-0.0025480126358450317,16,0.16666666666666666,1.2437500000000001
glm:glm-5,fake_violations,0.0,0.85,none,16,2,0.0,0.0,0.0,0.34407946661248157,-0.00280257129852457,17,0.08333333333333333,1.3687500000000001
glm:glm-5,fake_violations,0.0,0.85,none,17,0,0.0,0.0,0.0,0.20837650350554204,-0.006719564862655014,29,0.16666666666666666,1.2833333333333334
glm:glm-5,fake_violations,0.0,0.85,none,17,1,0.0,0.0,0.0,0.16861611804521792,-0.010102749176318149,28,0.16666666666666666,1.2958333333333334
glm:glm-5,fake_violations,0.0,0.85,none,17,2,0.0,0.0,0.0,0.18720676071351927,-0.009248455835512814,27,0.14583333333333334,1.3333333333333333
glm:glm-5,fake_violations,0.0,0.85,none,18,0,0.0,0.0,0.0,0.28066558116704377,-0.0061459838173772985,27,0.125,1.366666666666667
glm:glm-5,fake_violations,0.0,0.85,none,18,1,0.0,0.0,0.0,0.2132234883184403,-0.00825055432073607,32,0.14583333333333334,1.3166666666666667
glm:glm-5,fake_violations,0.0,0.85,none,18,2,0.0,0.0,0.0,0.2219953090342912,-0.0061459838173772985,26,0.125,1.31875
glm:glm-5,fake_violations,0.0,0.85,none,19,0,0.0,0.0,0.0,0.22358428343759273,-0.005973253662592604,31,0.20833333333333334,1.2333333333333334
glm:glm-5,fake_violations,0.0,0.85,none,19,1,0.0,0.0,0.0,0.22501524135503193,-0.005971912027506021,30,0.20833333333333334,1.2395833333333333
glm:glm-5,fake_violations,0.0,0.85,none,19,2,0.0,0.0,0.0,0.2306074582377129,-0.005971912027506021,32,0.20833333333333334,1.2229166666666667
glm:glm-5,fake_violations,0.0,0.85,none,20,0,0.0,0.0,0.0,0.3557711806134838,-0.0016570318361081027,24,0.125,1.366666666666667
glm:glm-5,fake_violations,0.0,0.85,none,20,1,0.0,0.0,0.0,0.29851823499160957,-0.004769725310520112,25,0.125,1.34375
glm:glm-5,fake_violations,0.0,0.85,none,20,2,0.0,0.0,0.0,0.3334292219176138,-0.001570696236177227,21,0.125,1.3520833333333335
glm:glm-5,fake_violations,0.0,0.85,none,21,0,0.0,0.0,0.0,0.3012809817563826,-0.0054806745342733665,18,0.125,1.3270833333333334
glm:glm-5,fake_violations,0.0,0.85,none,21,1,0.0,0.0,0.0,0.2878600776050644,-0.002875092087790021,18,0.125,1.3041666666666667
glm:glm-5,fake_violations,0.0,0.85,none,21,2,0.0,0.0,0.0,0.2955066483433244,-0.0054806745342733665,17,0.16666666666666666,1.2354166666666668
glm:glm-5,fake_violations,0.0,0.85,none,22,0,0.0,0.0,0.0,0.22685188506613696,-0.00921410047393989,27,0.16666666666666666,1.29375
glm:glm-5,fake_violations,0.0,0.85,none,22,1,0.0,0.0,0.0,0.17312630813473673,-0.00921410047393989,31,0.1875,1.25
glm:glm-5,fake_violations,0.0,0.85,none,22,2,0.0,0.0,0.0,0.214536355862589,-0.00921410047393989,25,0.16666666666666666,1.2708333333333333
glm:glm-5,fake_violations,0.0,0.85,none,23,0,0.0,0.0,0.0,0.3295620792599905,-0.011997342117739174,21,0.08333333333333333,1.3854166666666667
glm:glm-5,fake_violations,0.0,0.85,none,23,1,0.0,0.0,0.0,0.31252112151445477,-0.008777841063550396,22,0.10416666666666667,1.3479166666666667
glm:glm-5,fake_violations,0.0,0.85,none,23,2,0.0,0.0,0.0,0.322518873420796,-0.011997327634254318,26,0.14583333333333334,1.2666666666666668
glm:glm-5,fake_violations,0.0,0.85,none,24,0,0.0,0.0,0.0,0.35345416002580965,-0.0012085522337648147,20,0.14583333333333334,1.3375000000000001
glm:glm-5,fake_violations,0.0,0.85,none,24,1,0.0,0.0,0.0,0.3513886068048946,-0.0012085522337648147,19,0.14583333333333334,1.3229166666666667
glm:glm-5,fake_violations,0.0,0.85,none,24,2,0.0,0.0,0.0,0.35345416002580965,-0.0012085522337648147,20,0.14583333333333334,1.3375000000000001
glm:glm-5,fake_violations,0.0,0.85,none,25,0,0.0,0.0,0.0,0.22829954673927633,-0.014571207115429363,26,0.20833333333333334,1.2291666666666667
glm:glm-5,fake_violations,0.0,0.85,none,25,1,0.0,0.0,0.0,0.2419154165341202,-0.008843680419428845,23,0.1875,1.2104166666666667
glm:glm-5,fake_violations,0.0,0.85,none,25,2,0.0,0.0,0.0,0.22586948167752952,-0.009102561648276497,31,0.2708333333333333,1.1479166666666667
glm:glm-5,fake_violations,0.0,0.85,none,26,0,0.0,0.0,0.0,0.29104853651770846,-0.01664923967531229,24,0.16666666666666666,1.2958333333333334
glm:glm-5,fake_violations,0.0,0.85,none,26,1,0.0,0.0,0.0,0.2843480134389027,-0.01664923967531229,18,0.16666666666666666,1.2979166666666668
glm:glm-5,fake_violations,0.0,0.85,none,26,2,0.0,0.0,0.0,0.22635887850674297,-0.021169532730546448,29,0.25,1.1729166666666668
glm:glm-5,fake_violations,0.0,0.85,none,27,0,0.0,0.0,0.0,0.28374171389336467,-0.005566097125618508,18,0.16666666666666666,1.2916666666666667
glm:glm-5,fake_violations,0.0,0.85,none,27,1,0.0,0.0,0.0,0.28455201007816466,-0.005566097125618508,19,0.14583333333333334,1.3125
glm:glm-5,fake_violations,0.0,0.85,none,27,2,0.0,0.0,0.0,0.285963095625279,-0.005566097125618508,18,0.14583333333333334,1.3145833333333334
glm:glm-5,fake_violations,0.0,0.85,none,28,0,0.0,0.0,0.0,0.33915950782159654,-0.006184299091205769,17,0.125,1.3499999999999999
glm:glm-5,fake_violations,0.0,0.85,none,28,1,0.0,0.0,0.0,0.3551540666169961,-0.0009945178883536965,24,0.16666666666666666,1.2708333333333333
glm:glm-5,fake_violations,0.0,0.85,none,28,2,0.0,0.0,0.0,0.3538707390911946,-0.0009945178883536965,22,0.16666666666666666,1.2666666666666668
glm:glm-5,fake_violations,0.0,0.85,none,29,0,0.0,0.0,0.0,0.314441579941799,-0.003123043217588717,22,0.14583333333333334,1.3375000000000001
glm:glm-5,fake_violations,0.0,0.85,none,29,1,0.0,0.0,0.0,0.30817678628094614,-0.005652209553761778,23,0.125,1.3583333333333334
glm:glm-5,fake_violations,0.0,0.85,none,29,2,0.0,0.0,0.0,0.2700321221836828,-0.005652209553761667,30,0.16666666666666666,1.28125
glm:glm-5,fake_violations,0.0,0.85,none,30,0,0.0,0.0,0.0,0.26596275950898485,-0.001525306056466058,24,0.1875,1.2541666666666667
glm:glm-5,fake_violations,0.0,0.85,none,30,1,0.0,0.0,0.0,0.27433246428849634,-0.0016045969394757886,30,0.16666666666666666,1.2979166666666668
glm:glm-5,fake_violations,0.0,0.85,none,30,2,0.0,0.0,0.0,0.2548352631869564,-0.0015753966489308047,27,0.16666666666666666,1.2729166666666667
glm:glm-5,fake_violations,0.75,0.85,none,1,0,0.0,0.0,0.0,0.29764161751156903,-0.0017800111219306025,21,0.08333333333333333,1.3854166666666667
glm:glm-5,fake_violations,0.75,0.85,none,1,1,0.0,0.0,0.0,0.32141814335302277,-0.0017800111219306025,28,0.14583333333333334,1.3333333333333333
glm:glm-5,fake_violations,0.75,0.85,none,1,2,0.0,0.0,0.0,0.32701471827858186,-0.0017800111219306025,28,0.10416666666666667,1.3791666666666667
glm:glm-5,fake_violations,0.75,0.85,none,2,0,0.0,0.0,0.0,0.36118718313562037,-0.0016774184061485453,26,0.08333333333333333,1.39375
glm:glm-5,fake_violations,0.75,0.85,none,2,1,0.0,0.0,0.0,0.368386524391892,-0.0016774184061485453,23,0.08333333333333333,1.4208333333333334
glm:glm-5,fake_violations,0.75,0.85,none,2,2,0.0,0.0,0.0,0.3571533330246104,-0.0016774184061485453,23,0.08333333333333333,1.4145833333333335
glm:glm-5,fake_violations,0.75,0.85,none,3,0,0.0,0.0,0.0,0.2659730616538034,-0.008544113480126514,30,0.20833333333333334,1.1812500000000001
glm:glm-5,fake_violations,0.75,0.85,none,3,1,0.0,0.0,0.0,0.2972887619985445,-0.008545560611595615,32,0.16666666666666666,1.2354166666666668
glm:glm-5,fake_violations,0.75,0.85,none,3,2,0.0,0.0,0.0,0.30588100694557574,-0.008545560611595615,28,0.16666666666666666,1.23125
glm:glm-5,fake_violations,0.75,0.85,none,4,0,0.0,0.0,0.0,0.3536249033035781,-0.005869401846862465,26,0.125,1.335416666666667
glm:glm-5,fake_violations,0.75,0.85,none,4,1,0.0,0.0,0.0,0.3406613230284077,-0.005951793287089835,34,0.1875,1.2645833333333334
glm:glm-5,fake_violations,0.75,0.85,none,4,2,0.0,0.0,0.0,0.3554806771884842,-0.005869401846862465,27,0.125,1.3062500000000001
glm:glm-5,fake_violations,0.75,0.85,none,5,0,0.0,0.0,0.0,0.32099115952917456,-0.0016453690283553257,16,0.10416666666666667,1.3770833333333334
glm:glm-5,fake_violations,0.75,0.85,none,5,1,0.0,0.0,0.0,0.30897532457925214,-0.0016453690283553257,16,0.125,1.3333333333333333
glm:glm-5,fake_violations,0.75,0.85,none,5,2,0.0,0.0,0.0,0.30937775064383843,-0.0016453690283553257,15,0.125,1.3458333333333334
glm:glm-5,fake_violations,0.75,0.85,none,6,0,0.0,0.0,0.0,0.32402586796439525,-0.007580304448979613,15,0.0625,1.40625
glm:glm-5,fake_violations,0.75,0.85,none,6,1,0.0,0.0,0.0,0.3249326809068729,-0.0075837380531951215,20,0.08333333333333333,1.40625
glm:glm-5,fake_violations,0.75,0.85,none,6,2,0.0,0.0,0.0,0.3425591040865885,-0.0075837380531951215,8,0.041666666666666664,1.4770833333333335
glm:glm-5,fake_violations,0.75,0.85,none,7,0,0.0,0.0,0.0,0.2754039732975071,-0.003290989556584245,22,0.16666666666666666,1.2479166666666668
glm:glm-5,fake_violations,0.75,0.85,none,7,1,0.0,0.0,0.0,0.27734917437880613,-0.0016093653618368675,21,0.1875,1.2479166666666668
glm:glm-5,fake_violations,0.75,0.85,none,7,2,0.0,0.0,0.0,0.26902705388883397,-0.0011797386560000733,21,0.1875,1.23125
glm:glm-5,fake_violations,0.75,0.85,none,8,0,0.0,0.0,0.0,0.27273449990539134,-0.0022483375215635037,26,0.125,1.3645833333333333
glm:glm-5,fake_violations,0.75,0.85,none,8,1,0.0,0.0,0.0,0.26388954056518155,-0.002407131887996905,25,0.14583333333333334,1.31875
glm:glm-5,fake_violations,0.75,0.85,none,8,2,0.0,0.0,0.0,0.26466286456191646,-0.002407131887996905,27,0.125,1.3583333333333334
glm:glm-5,fake_violations,0.75,0.85,none,9,0,0.0,0.0,0.0,0.2918982173669207,-0.012803200527745529,19,0.14583333333333334,1.3166666666666667
glm:glm-5,fake_violations,0.75,0.85,none,9,1,0.0,0.0,0.0,0.29122775116742283,-0.013701090654437809,15,0.14583333333333334,1.3229166666666667
glm:glm-5,fake_violations,0.75,0.85,none,9,2,0.0,0.0,0.0,0.304560073552957,-0.016133846906713156,17,0.125,1.3229166666666667
glm:glm-5,fake_violations,0.75,0.85,none,10,0,0.0,0.0,0.0,0.3194732702275249,-0.013679277052062622,20,0.10416666666666667,1.3916666666666666
glm:glm-5,fake_violations,0.75,0.85,none,10,1,0.0,0.0,0.0,0.31486277803614593,-0.013679256235639703,22,0.125,1.3333333333333333
glm:glm-5,fake_violations,0.75,0.85,none,10,2,0.0,0.0,0.0,0.3176305894923859,-0.013821318206102662,22,0.125,1.3520833333333335
glm:glm-5,fake_violations,0.75,0.85,none,11,0,0.0,0.0,0.0,0.3720399097668956,-0.002373406324670535,25,0.125,1.3520833333333335
glm:glm-5,fake_violations,0.75,0.85,none,11,1,0.0,0.0,0.0,0.3713343360957517,-0.002373406324670535,24,0.10416666666666667,1.3687500000000001
glm:glm-5,fake_violations,0.75,0.85,none,11,2,0.0,0.0,0.0,0.3944594857604491,-0.002373406324670535,17,0.10416666666666667,1.39375
glm:glm-5,fake_violations,0.75,0.85,none,12,0,0.0,0.0,0.0,0.35173551940790193,-0.001134987415517541,25,0.1875,1.25
glm:glm-5,fake_violations,0.75,0.85,none,12,1,0.0,0.0,0.0,0.3499570467417652,-0.001134987415517541,28,0.1875,1.2625
glm:glm-5,fake_violations,0.75,0.85,none,12,2,0.0,0.0,0.0,0.34995735424491237,-0.001134987415517541,28,0.1875,1.2708333333333333
glm:glm-5,fake_violations,0.75,0.85,none,13,0,0.0,0.0,0.0,0.2994655823401262,-0.0010074420483781044,13,0.14583333333333334,1.3041666666666667
glm:glm-5,fake_violations,0.75,0.85,none,13,1,0.0,0.0,0.0,0.2873095712530671,-0.0010074420483781044,20,0.14583333333333334,1.2791666666666668
glm:glm-5,fake_violations,0.75,0.85,none,13,2,0.0,0.0,0.0,0.29918252923161903,-0.0010074420483781044,15,0.125,1.3291666666666668
glm:glm-5,fake_violations,0.75,0.85,none,14,0,0.0,0.0,0.0,0.31138388624480373,-0.0015152768394963712,20,0.14583333333333334,1.3416666666666668
glm:glm-5,fake_violations,0.75,0.85,none,14,1,0.0,0.0,0.0,0.31759076286303367,-0.0015152768394963712,14,0.10416666666666667,1.375
glm:glm-5,fake_violations,0.75,0.85,none,14,2,0.0,0.0,0.0,0.2867874963159709,-0.0015152768394963712,19,0.10416666666666667,1.3625
glm:glm-5,fake_violations,0.75,0.85,none,15,0,0.0,0.0,0.0,0.3903655788026139,-0.003254855914753829,18,0.16666666666666666,1.2604166666666667
glm:glm-5,fake_violations,0.75,0.85,none,15,1,0.0,0.0,0.0,0.39036326443047353,-0.003254855914753829,18,0.16666666666666666,1.2541666666666667
glm:glm-5,fake_violations,0.75,0.85,none,15,2,0.0,0.0,0.0,0.38511050701360094,-0.0032560734066493513,21,0.16666666666666666,1.25625
glm:glm-5,fake_violations,0.75,0.85,none,16,0,0.0,0.0,0.0,0.3266172456371874,-0.0025032852390417526,23,0.08333333333333333,1.3604166666666666
glm:glm-5,fake_violations,0.75,0.85,none,16,1,0.0,0.0,0.0,0.32236800618630257,-0.0025480126358450317,23,0.125,1.2875
glm:glm-5,fake_violations,0.75,0.85,none,16,2,0.0,0.0,0.0,0.32783519802664984,-0.00280257129852457,26,0.125,1.3125
glm:glm-5,fake_violations,0.75,0.85,none,17,0,0.0,0.0,0.0,0.21087929799452532,-0.006719815470264012,30,0.16666666666666666,1.2895833333333335
glm:glm-5,fake_violations,0.75,0.85,none,17,1,0.0,0.0,0.0,0.1790834696181116,-0.009337110544400895,31,0.16666666666666666,1.2770833333333333
glm:glm-5,fake_violations,0.75,0.85,none,17,2,0.0,0.0,0.0,0.1895004203762014,-0.0092487469087158,28,0.14583333333333334,1.31875
glm:glm-5,fake_violations,0.75,0.85,none,18,0,0.0,0.0,0.0,0.2811566004954955,-0.00589288503796237,27,0.125,1.3416666666666668
glm:glm-5,fake_violations,0.75,0.85,none,18,1,0.0,0.0,0.0,0.2571369241389774,-0.005892886071167669,27,0.125,1.3020833333333333
glm:glm-5,fake_violations,0.75,0.85,none,18,2,0.0,0.0,0.0,0.21833262928911212,-0.005123647857534164,31,0.14583333333333334,1.3062500000000001
glm:glm-5,fake_violations,0.75,0.85,none,19,0,0.0,0.0,0.0,0.22493716917125095,-0.005971912027506021,26,0.22916666666666666,1.1958333333333335
glm:glm-5,fake_violations,0.75,0.85,none,19,1,0.0,0.0,0.0,0.22783384096588888,-0.005971912027506021,28,0.25,1.1729166666666668
glm:glm-5,fake_violations,0.75,0.85,none,19,2,0.0,0.0,0.0,0.21971872098953993,-0.005971912027506021,29,0.25,1.1520833333333333
glm:glm-5,fake_violations,0.75,0.85,none,20,0,0.0,0.0,0.0,0.30649493076857315,-0.0016570318361081027,33,0.14583333333333334,1.3125
glm:glm-5,fake_violations,0.75,0.85,none,20,1,0.0,0.0,0.0,0.31345657660384596,-0.001570696236177227,26,0.20833333333333334,1.225
glm:glm-5,fake_violations,0.75,0.85,none,20,2,0.0,0.0,0.0,0.3268134407865695,-0.001570696236177227,31,0.14583333333333334,1.3062500000000001
glm:glm-5,fake_violations,0.75,0.85,none,21,0,0.0,0.0,0.0,0.2943661608142185,-0.002875092087790021,21,0.125,1.3020833333333333
glm:glm-5,fake_violations,0.75,0.85,none,21,1,0.0,0.0,0.0,0.3005974368705253,-0.002875092087790021,19,0.10416666666666667,1.3583333333333334
glm:glm-5,fake_violations,0.75,0.85,none,21,2,0.0,0.0,0.0,0.3009671492521917,-0.0028750921293378973,26,0.125,1.3291666666666668
glm:glm-5,fake_violations,0.75,0.85,none,22,0,0.0,0.0,0.0,0.2176263476221112,-0.008757713067500617,25,0.16666666666666666,1.25625
glm:glm-5,fake_violations,0.75,0.85,none,22,1,0.0,0.0,0.0,0.21357861988185767,-0.00921410047393989,25,0.14583333333333334,1.3020833333333333
glm:glm-5,fake_violations,0.75,0.85,none,22,2,0.0,0.0,0.0,0.2236514792837181,-0.009214100527259683,27,0.20833333333333334,1.1833333333333333
glm:glm-5,fake_violations,0.75,0.85,none,23,0,0.0,0.0,0.0,0.3073305749133757,-0.011773539151604506,22,0.125,1.3499999999999999
glm:glm-5,fake_violations,0.75,0.85,none,23,1,0.0,0.0,0.0,0.3201978243919106,-0.008555492580643476,23,0.14583333333333334,1.3145833333333334
glm:glm-5,fake_violations,0.75,0.85,none,23,2,0.0,0.0,0.0,0.3230471578785097,-0.011773502733536723,26,0.14583333333333334,1.29375
glm:glm-5,fake_violations,0.75,0.85,none,24,0,0.0,0.0,0.0,0.3541895345258299,-0.0012085522337648147,16,0.14583333333333334,1.2916666666666667
glm:glm-5,fake_violations,0.75,0.85,none,24,1,0.0,0.0,0.0,0.34263963651005436,-0.0012085522337648147,13,0.14583333333333334,1.2833333333333334
glm:glm-5,fake_violations,0.75,0.85,none,24,2,0.0,0.0,0.0,0.3439217417718903,-0.0022914210026364623,17,0.20833333333333334,1.2416666666666667
glm:glm-5,fake_violations,0.75,0.85,none,25,0,0.0,0.0,0.0,0.23083183990725953,-0.01144616262098097,24,0.25,1.1291666666666667
glm:glm-5,fake_violations,0.75,0.85,none,25,1,0.0,0.0,0.0,0.23177334948371087,-0.01144616262098097,24,0.22916666666666666,1.1666666666666667
glm:glm-5,fake_violations,0.75,0.85,none,25,2,0.0,0.0,0.0,0.21690275519730817,-0.014571210957797565,30,0.25,1.1583333333333334
glm:glm-5,fake_violations,0.75,0.85,none,26,0,0.0,0.0,0.0,0.291812987088931,-0.01664923967531229,19,0.1875,1.2416666666666667
glm:glm-5,fake_violations,0.75,0.85,none,26,1,0.0,0.0,0.0,0.29356356103375036,-0.016709471246039942,16,0.1875,1.2395833333333333
glm:glm-5,fake_violations,0.75,0.85,none,26,2,0.0,0.0,0.0,0.2680662300145362,-0.01664923967531229,27,0.1875,1.2125000000000001
glm:glm-5,fake_violations,0.75,0.85,none,27,0,0.0,0.0,0.0,0.2909614055322549,-0.005566097125618508,28,0.1875,1.2583333333333335
glm:glm-5,fake_violations,0.75,0.85,none,27,1,0.0,0.0,0.0,0.294791992777762,-0.005566097125618508,17,0.125,1.3541666666666667
glm:glm-5,fake_violations,0.75,0.85,none,27,2,0.0,0.0,0.0,0.29309170999292333,-0.005566097125618508,16,0.14583333333333334,1.3229166666666667
glm:glm-5,fake_violations,0.75,0.85,none,28,0,0.0,0.0,0.0,0.31336819172632824,-0.006184299091205769,21,0.14583333333333334,1.2895833333333335
glm:glm-5,fake_violations,0.75,0.85,none,28,1,0.0,0.0,0.0,0.35660690615280055,-0.0009945178883536965,24,0.16666666666666666,1.2125000000000001
glm:glm-5,fake_violations,0.75,0.85,none,28,2,0.0,0.0,0.0,0.3565362932223044,-0.0009945178883536965,21,0.20833333333333334,1.1812500000000001
glm:glm-5,fake_violations,0.75,0.85,none,29,0,0.0,0.0,0.0,0.268391864001863,-0.005652209553761667,22,0.1875,1.2416666666666667
glm:glm-5,fake_violations,0.75,0.85,none,29,1,0.0,0.0,0.0,0.27529879382163136,-0.003123043217588717,24,0.16666666666666666,1.2875
glm:glm-5,fake_violations,0.75,0.85,none,29,2,0.0,0.0,0.0,0.2888331521414551,-0.003123043217588717,22,0.14583333333333334,1.2979166666666668
glm:glm-5,fake_violations,0.75,0.85,none,30,0,0.0,0.0,0.0,0.21298314323310774,-0.00546786007788147,28,0.20833333333333334,1.1812500000000001
glm:glm-5,fake_violations,0.75,0.85,none,30,1,0.0,0.0,0.0,0.258595637099297,-0.0015240691401391393,28,0.16666666666666666,1.28125
glm:glm-5,fake_violations,0.75,0.85,none,30,2,0.0,0.0,0.0,0.2553997258592744,-0.005257484044594141,26,0.1875,1.2291666666666667
